-- MySQL dump 10.13  Distrib 5.6.17, for Win64 (x86_64)
--
-- Host: localhost    Database: db_veturmsn
-- ------------------------------------------------------
-- Server version	5.5.5-10.3.28-MariaDB

/*!40101 SET @OLD_CHARACTER_SET_CLIENT=@@CHARACTER_SET_CLIENT */;
/*!40101 SET @OLD_CHARACTER_SET_RESULTS=@@CHARACTER_SET_RESULTS */;
/*!40101 SET @OLD_COLLATION_CONNECTION=@@COLLATION_CONNECTION */;
/*!40101 SET NAMES utf8 */;
/*!40103 SET @OLD_TIME_ZONE=@@TIME_ZONE */;
/*!40103 SET TIME_ZONE='+00:00' */;
/*!40014 SET @OLD_UNIQUE_CHECKS=@@UNIQUE_CHECKS, UNIQUE_CHECKS=0 */;
/*!40014 SET @OLD_FOREIGN_KEY_CHECKS=@@FOREIGN_KEY_CHECKS, FOREIGN_KEY_CHECKS=0 */;
/*!40101 SET @OLD_SQL_MODE=@@SQL_MODE, SQL_MODE='NO_AUTO_VALUE_ON_ZERO' */;
/*!40111 SET @OLD_SQL_NOTES=@@SQL_NOTES, SQL_NOTES=0 */;

--
-- Table structure for table `address`
--

DROP TABLE IF EXISTS `address`;
/*!40101 SET @saved_cs_client     = @@character_set_client */;
/*!40101 SET character_set_client = utf8 */;
CREATE TABLE `address` (
  `id` bigint(20) NOT NULL AUTO_INCREMENT,
  `version` bigint(20) NOT NULL,
  `city` varchar(255) DEFAULT NULL,
  `country` varchar(255) DEFAULT NULL,
  `hsno` varchar(255) DEFAULT NULL,
  `pin_code` varchar(255) DEFAULT NULL,
  `state` varchar(255) DEFAULT NULL,
  `street` varchar(255) DEFAULT NULL,
  PRIMARY KEY (`id`)
) ENGINE=InnoDB AUTO_INCREMENT=19 DEFAULT CHARSET=latin1;
/*!40101 SET character_set_client = @saved_cs_client */;

--
-- Dumping data for table `address`
--

LOCK TABLES `address` WRITE;
/*!40000 ALTER TABLE `address` DISABLE KEYS */;
INSERT INTO `address` VALUES (1,0,'BIDAR','India','Veterinary College,','585401','Karnataka','Nandinagar P.B. No.6,'),(2,0,'Bidar','India','P.B. No.6','585401','Karnataka','Nandinagar'),(3,0,'Shivamogga','India','Veterinary College','577 204','Karnataka','Vinobanagar'),(4,0,'Shivamogga','India','Veterinary College','577 204','Karnataka','Vinobanagar'),(5,0,'Kokatnur, Athani, Belagavi','India','Shri, Bhaurao Deshpande,','591203','Karnataka','Veterinary College, Athani Savalagi Road,'),(6,0,'Hassan','India','Gokula Campus','573202','Karnataka','Vidyanagar,'),(7,0,'Athani','India','Shri Bhaurao Deshpande, Veterinary College,','591 230','Karnataka','Athani Savalagi Road, Kokatnur'),(8,0,'Hassan','India','Gokula Campus','573 202','Karnataka','Vidyanagar,'),(9,0,'Gadag','India','Veterinary College,PB No. 74,','582101','Karnataka','Hombal Road,'),(10,0,'Gadag','India','Veterinary College, PB No. 74,','582101','Karnataka','Hombal Road,'),(11,0,'bidar','rtyrtyr','344','656522','ttyy','grr'),(12,0,'fsdfsf','sfdsf','33','585401','sdfd','sdfsd'),(13,0,'BIDAR','India','33','585401','KAR','TH YRJ TYUR 572'),(14,0,'BIDAR','India','33','585401','KAR','TH YRJ TYUR 572'),(15,0,'Bengaluru','India','Veterinary College,','560 024','Karnataka','Hebbal,'),(16,1,'Bengaluru','India','veterinary college campus,','560024','Karnataka','Hebbal'),(17,0,'Kalaburagi','India','Mahagaon Cross,','585316','Karnataka','Kalaburagi'),(18,0,'Mangaluru','India','Yekkur,','575 002','Karnataka','Kankanady P.O.');
/*!40000 ALTER TABLE `address` ENABLE KEYS */;
UNLOCK TABLES;

--
-- Table structure for table `admin`
--

DROP TABLE IF EXISTS `admin`;
/*!40101 SET @saved_cs_client     = @@character_set_client */;
/*!40101 SET character_set_client = utf8 */;
CREATE TABLE `admin` (
  `id` bigint(20) NOT NULL AUTO_INCREMENT,
  `version` bigint(20) NOT NULL,
  `address_id` bigint(20) DEFAULT NULL,
  `date_created` datetime DEFAULT NULL,
  `last_updated` datetime DEFAULT NULL,
  `password` varchar(255) DEFAULT NULL,
  `phone_no` varchar(255) DEFAULT NULL,
  `profile_pic_id` bigint(20) DEFAULT NULL,
  `sms_password` varchar(255) DEFAULT NULL,
  `sms_sender_id` varchar(255) DEFAULT NULL,
  `sms_username` varchar(255) DEFAULT NULL,
  `user_id_id` bigint(20) DEFAULT NULL,
  `username` varchar(255) DEFAULT NULL,
  PRIMARY KEY (`id`),
  KEY `FK_hribgo0kw00r7vvaw39vjx0cq` (`address_id`),
  KEY `FK_bqq4bu608oxckso8scyqv0p2y` (`profile_pic_id`),
  KEY `FK_srrkly0y7bt6n8h3l6mh5ua0t` (`user_id_id`),
  CONSTRAINT `FK_bqq4bu608oxckso8scyqv0p2y` FOREIGN KEY (`profile_pic_id`) REFERENCES `images` (`id`),
  CONSTRAINT `FK_hribgo0kw00r7vvaw39vjx0cq` FOREIGN KEY (`address_id`) REFERENCES `address` (`id`),
  CONSTRAINT `FK_srrkly0y7bt6n8h3l6mh5ua0t` FOREIGN KEY (`user_id_id`) REFERENCES `sec_user` (`id`)
) ENGINE=InnoDB AUTO_INCREMENT=6 DEFAULT CHARSET=latin1;
/*!40101 SET character_set_client = @saved_cs_client */;

--
-- Dumping data for table `admin`
--

LOCK TABLES `admin` WRITE;
/*!40000 ALTER TABLE `admin` DISABLE KEYS */;
INSERT INTO `admin` VALUES (1,1,1,'2025-03-10 15:43:44','2025-03-10 15:43:44','vetbidar123','9448569337',NULL,NULL,NULL,NULL,4,'vetbidar'),(2,1,3,'2025-03-10 16:19:14','2025-03-10 16:19:14','vetshivamogga123','08182 - 200872',NULL,NULL,NULL,NULL,6,'vetshivamogga'),(3,1,5,'2025-03-11 12:18:26','2025-03-11 12:18:27','vetAthani123','9448604646',NULL,NULL,NULL,NULL,8,'vetAthani'),(4,1,6,'2025-03-11 13:27:06','2025-03-11 13:27:06','vetHassan123','8172245373',NULL,NULL,NULL,NULL,9,'vetHassan'),(5,1,9,'2025-03-11 15:27:00','2025-03-11 15:27:00','vetgadag123','9606038313',NULL,NULL,NULL,NULL,12,'vetgadag');
/*!40000 ALTER TABLE `admin` ENABLE KEYS */;
UNLOCK TABLES;

--
-- Table structure for table `department`
--

DROP TABLE IF EXISTS `department`;
/*!40101 SET @saved_cs_client     = @@character_set_client */;
/*!40101 SET character_set_client = utf8 */;
CREATE TABLE `department` (
  `id` bigint(20) NOT NULL AUTO_INCREMENT,
  `version` bigint(20) NOT NULL,
  `admin_id_id` bigint(20) DEFAULT NULL,
  `clg_id` varchar(255) DEFAULT NULL,
  `dept_name` varchar(255) DEFAULT NULL,
  `kk_non_teach_filled` int(11) NOT NULL,
  `kk_non_teach_vacant` int(11) NOT NULL,
  `kk_non_teaching` int(11) NOT NULL,
  `kk_teach_filled` int(11) NOT NULL,
  `kk_teach_vacant` int(11) NOT NULL,
  `kk_teaching` int(11) NOT NULL,
  `non_teaching` int(11) NOT NULL,
  `state_non_teach_filled` int(11) NOT NULL,
  `state_non_teach_vacant` int(11) NOT NULL,
  `state_non_teaching` int(11) NOT NULL,
  `state_teach_filled` int(11) NOT NULL,
  `state_teach_vacant` int(11) NOT NULL,
  `state_teaching` int(11) NOT NULL,
  `teaching` int(11) NOT NULL,
  PRIMARY KEY (`id`),
  KEY `FK_3ltg4xf3csgo5w1binaapsymp` (`admin_id_id`),
  CONSTRAINT `FK_3ltg4xf3csgo5w1binaapsymp` FOREIGN KEY (`admin_id_id`) REFERENCES `admin` (`id`)
) ENGINE=InnoDB AUTO_INCREMENT=133 DEFAULT CHARSET=latin1;
/*!40101 SET character_set_client = @saved_cs_client */;

--
-- Dumping data for table `department`
--

LOCK TABLES `department` WRITE;
/*!40000 ALTER TABLE `department` DISABLE KEYS */;
INSERT INTO `department` VALUES (1,2,1,'Veterinary College Bidar (AY:2025)','Veterinary Anatomy',0,0,0,1,0,1,0,0,0,0,1,2,3,4),(2,5,1,'Veterinary College Bidar (AY:2025)','Veterinary Physiology & Biochemistry',0,0,0,3,0,3,0,0,0,0,2,2,4,7),(3,2,1,'Veterinary College Bidar (AY:2025)','Animal Nutrition',0,0,0,0,0,0,0,0,0,0,2,2,4,4),(4,2,1,'Veterinary College Shivamogga','Veterinary Anatomy',0,0,0,0,0,0,0,0,0,0,2,2,4,4),(5,2,1,'Veterinary College Shivamogga','Veterinary Physiology & Biochemistry',0,0,0,2,0,2,0,0,0,0,0,5,5,7),(6,3,1,'Veterinary College Bidar (AY:2025)','Animal Genetics & Breeding',0,0,0,1,0,1,0,0,0,0,2,1,3,4),(7,2,1,'Veterinary College Bidar (AY:2025)','Livestock Production Management',0,0,0,2,0,2,0,0,0,0,0,4,4,6),(8,3,1,'Veterinary College Bidar (AY:2025)','Livestock Farm Complex',0,0,0,2,0,2,0,0,0,0,1,5,6,8),(9,4,1,'Veterinary College Bidar (AY:2025)','Veterinary Clinical Complex',0,0,0,2,1,3,0,0,0,0,2,2,4,7),(10,2,1,'Veterinary College Bidar (AY:2025)','Veterinary Parasitology',0,0,0,2,0,2,0,0,0,0,0,2,2,4),(11,2,1,'Veterinary College Shivamogga','Animal Nutrition',0,0,0,0,0,0,0,0,0,0,2,2,4,4),(12,2,1,'Veterinary College Shivamogga','Animal Genetics & Breeding',0,0,0,0,0,0,0,0,0,0,2,2,4,4),(13,2,1,'Veterinary College Bidar (AY:2025)','veterinary Pathology',0,0,0,1,0,1,0,0,0,0,1,4,5,6),(14,2,1,'Veterinary College Shivamogga','Livestock Production Management',0,0,0,1,0,1,0,0,0,0,1,4,5,6),(15,2,1,'Veterinary College Bidar (AY:2025)','Veterinary Microbiology',0,0,0,1,0,1,0,0,0,0,1,2,3,4),(16,3,1,'Veterinary College Shivamogga','Livestock Farm Complex',0,0,0,0,0,0,0,0,0,0,3,5,8,8),(17,2,1,'Veterinary College Bidar (AY:2025)','Veterinary Pharmacology & Toxicology',0,0,0,1,0,1,0,0,0,0,1,2,3,4),(18,2,1,'Veterinary College Bidar (AY:2025)','Veterinary Public Health & Epidemiology',0,0,0,1,0,1,0,0,0,0,1,2,3,4),(19,2,1,'Veterinary College Bidar (AY:2025)','Livestock Product Technology',0,0,0,2,0,2,0,0,0,0,0,2,2,4),(20,1,1,'Veterinary College Bidar (AY:2025)','Veterinary & Animal Husbandry Ext',0,0,0,1,0,1,0,0,0,0,0,3,3,4),(21,3,1,'Veterinary College Bidar (AY:2025)','Veterinary Gynaecology & Obstetrecs',0,0,0,2,0,2,0,0,0,0,1,3,4,6),(22,1,1,'Veterinary College Shivamogga','Veterinary Clinical Complex',0,0,0,0,0,0,0,0,0,0,1,6,7,7),(23,3,1,'Veterinary College Bidar (AY:2025)','Veterinary Surgery & Radiology',0,0,0,3,0,3,0,0,0,0,0,3,3,6),(24,2,1,'Veterinary College Shivamogga','Veterinary Parasitology',0,0,0,0,0,0,0,0,0,0,2,2,4,4),(25,4,1,'Veterinary College Bidar (AY:2025)','Veterinary medicine',0,0,0,3,0,3,0,0,0,0,1,2,3,6),(26,3,1,'Veterinary College Shivamogga','veterinary Pathology',0,0,0,0,0,0,0,0,0,0,3,3,6,6),(27,0,1,'Veterinary College Bidar (AY:2025)','Fisheries Science',0,0,0,0,0,0,0,0,0,0,0,1,1,1),(28,0,1,'Veterinary College Bidar (AY:2025)','Physical Education',0,0,0,0,0,0,0,0,0,0,0,1,1,1),(29,1,1,'Veterinary College Shivamogga','Veterinary Microbiology',0,0,0,0,0,0,0,0,0,0,1,3,4,4),(30,0,1,'Veterinary College Shivamogga','Physical Education',0,0,0,0,0,0,0,0,0,0,0,1,1,1),(31,1,1,'Veterinary College Shivamogga','Fisheries Science',0,0,0,0,0,0,0,0,0,0,0,1,1,1),(32,2,1,'Veterinary College Shivamogga','Veterinary Pharmacology & Toxicology',0,0,0,0,0,0,0,0,0,0,2,2,4,4),(33,2,1,'Veterinary College Shivamogga','Veterinary Public Health & Epidemiology',0,0,0,0,0,0,0,0,0,0,2,2,4,4),(34,1,1,'Veterinary College Shivamogga','Livestock Product Technology',0,0,0,0,0,0,0,0,0,0,1,3,4,4),(35,2,1,'Veterinary College Shivamogga','Veterinary & Animal Husbandry Ext',0,0,0,0,0,0,0,0,0,0,2,2,4,4),(36,3,1,'Veterinary College Shivamogga','Veterinary Gynaecology & Obstetrecs',0,0,0,1,0,1,0,0,0,0,2,3,5,6),(37,2,1,'Veterinary College Shivamogga','Veterinary Surgery & Radiology',0,0,0,0,0,0,0,0,0,0,2,3,5,5),(38,2,1,'Veterinary College Shivamogga','Veterinary medicine',0,0,0,0,0,0,0,0,0,0,2,3,5,5),(39,1,1,'Verterinary College Athani','Veterinary Anatomy',0,0,0,0,0,0,0,0,0,0,1,3,4,4),(40,3,1,'Verterinary College Athani','Veterinary Physiology & Biochemistry',0,0,0,0,0,0,0,0,0,0,3,4,7,7),(41,1,1,'Verterinary College Athani','Livestock Production Management',0,0,0,0,0,0,0,0,0,0,1,5,6,6),(42,2,1,'Verterinary College Athani','Livestock Farm Complex',0,0,0,0,0,0,0,0,0,0,2,6,8,8),(43,2,1,'Verterinary College Athani','Veterinary Clinical Complex',0,0,0,0,0,0,0,0,0,0,2,5,7,7),(44,1,1,'Verterinary College Athani','Veterinary Microbiology',0,0,0,0,0,0,0,0,0,0,1,3,4,4),(45,1,1,'Veterinary College, Hassan','Veterinary Anatomy',0,0,0,0,0,0,0,0,0,0,1,3,4,4),(46,3,1,'Veterinary College, Hassan','Veterinary Physiology & Biochemistry',0,0,0,0,0,0,0,0,0,0,3,4,7,7),(47,1,1,'Veterinary College, Hassan','Animal Nutrition',0,0,0,1,0,1,0,0,0,0,0,3,3,4),(48,2,1,'Veterinary College, Hassan','Animal Genetics & Breeding',0,0,0,0,0,0,0,0,0,0,2,2,4,4),(49,1,1,'Veterinary College, Hassan','Livestock Production Management',0,0,0,0,0,0,0,0,0,0,1,5,6,6),(50,1,1,'Veterinary College, Hassan','Livestock Farm Complex',0,0,0,0,0,0,0,0,0,0,1,7,8,8),(51,1,1,'Veterinary College, Hassan','Veterinary Clinical Complex',0,0,0,0,0,0,0,0,0,0,1,6,7,7),(52,2,1,'Veterinary College, Hassan','Veterinary Parasitology',0,0,0,0,0,0,0,0,0,0,2,2,4,4),(53,3,1,'Veterinary College, Hassan','veterinary Pathology',0,0,0,0,0,0,0,0,0,0,3,3,6,6),(54,2,1,'Veterinary College, Gadag','Veterinary Anatomy',0,0,0,0,0,0,0,0,0,0,0,4,4,4),(55,4,1,'Veterinary College, Gadag','Veterinary Physiology & Biochemistry',0,0,0,0,0,0,0,0,0,0,4,3,7,7),(56,2,1,'Veterinary College, Gadag','Animal Nutrition',0,0,0,0,0,0,0,0,0,0,2,2,4,4),(57,2,1,'Veterinary College, Gadag','Animal Genetics & Breeding',0,0,0,0,0,0,0,0,0,0,2,2,4,4),(58,2,1,'Veterinary College, Gadag','Livestock Production Management',0,0,0,0,0,0,0,0,0,0,2,4,6,6),(59,5,1,'Veterinary College, Gadag','Livestock Farm Complex',0,0,0,0,0,0,0,0,0,0,5,3,8,8),(60,5,1,'Veterinary College, Gadag','Veterinary Clinical Complex',0,0,0,0,0,0,0,0,0,0,5,2,7,7),(61,1,1,'Veterinary College, Gadag','Veterinary Parasitology',0,0,0,0,0,0,0,0,0,0,1,3,4,4),(62,2,1,'Veterinary College, Hassan','Veterinary Microbiology',0,0,0,1,0,1,0,0,0,0,1,2,3,4),(63,1,1,'Veterinary College, Hassan','Physical Education',0,0,0,0,0,0,0,0,0,0,1,0,1,1),(64,1,1,'Veterinary College, Gadag','veterinary Pathology',0,0,0,0,0,0,0,0,0,0,1,5,6,6),(65,2,1,'Veterinary College, Gadag','Veterinary Microbiology',0,0,0,0,0,0,0,0,0,0,2,2,4,4),(66,0,1,'Veterinary College, Hassan','Fisheries Science',0,0,0,0,0,0,0,0,0,0,0,1,1,1),(67,3,1,'Veterinary College, Hassan','Veterinary Pharmacology & Toxicology',0,0,0,1,0,1,0,0,0,0,0,3,3,4),(68,2,1,'Veterinary College, Hassan','Veterinary Public Health & Epidemiology',0,0,0,0,0,0,0,0,0,0,2,2,4,4),(69,1,1,'Veterinary College, Hassan','Livestock Product Technology',0,0,0,0,0,0,0,0,0,0,1,3,4,4),(70,1,1,'Veterinary College, Hassan','Veterinary & Animal Husbandry Ext',0,0,0,0,0,0,0,0,0,0,1,3,4,4),(71,0,1,'Veterinary College, Gadag','Physical Education',0,0,0,0,0,0,0,0,0,0,0,1,1,1),(72,0,1,'Veterinary College, Gadag','Fisheries Science',0,0,0,0,0,0,0,0,0,0,0,1,1,1),(73,1,1,'Veterinary College, Gadag','Veterinary Pharmacology & Toxicology',0,0,0,0,0,0,0,0,0,0,1,3,4,4),(74,0,1,'Veterinary College, Gadag','Veterinary Public Health & Epidemiology',0,0,0,0,0,0,0,0,0,0,0,4,4,4),(75,1,1,'Veterinary College, Gadag','Livestock Product Technology',0,0,0,0,0,0,0,0,0,0,1,3,4,4),(76,1,1,'Veterinary College, Gadag','Veterinary & Animal Husbandry Ext',0,0,0,0,0,0,0,0,0,0,1,3,4,4),(77,1,1,'Veterinary College, Gadag','Veterinary Gynaecology & Obstetrecs',0,0,0,0,0,0,0,0,0,0,1,5,6,6),(78,2,1,'Veterinary College, Gadag','Veterinary Surgery & Radiology',0,0,0,0,0,0,0,0,0,0,2,4,6,6),(79,2,1,'Veterinary College, Gadag','Veterinary medicine',0,0,0,0,0,0,0,0,0,0,2,4,6,6),(80,2,1,'Veterinary College, Hassan','Veterinary Gynaecology & Obstetrecs',0,0,0,0,0,0,0,0,0,0,2,4,6,6),(81,1,1,'Veterinary College, Hassan','Veterinary Surgery & Radiology',0,0,0,0,0,0,0,0,0,0,1,5,6,6),(82,2,1,'Veterinary College, Hassan','Veterinary medicine',0,0,0,0,0,0,0,0,0,0,2,4,6,6),(83,2,1,'test','Fisheries Science',0,0,0,0,0,0,0,0,0,0,1,3,4,4),(84,0,2,'gulbargatest','Fisheries Biochemistry',0,0,0,0,0,0,0,0,0,0,0,0,0,0),(85,2,2,'JK TESTING','Dairy Extension',0,0,0,0,4,4,0,0,0,0,2,4,6,10),(86,1,1,'Veterinary College Shivamogga','Agronomy',0,0,0,0,0,0,0,0,0,0,1,0,1,1),(87,2,2,'KKK','veterinary Pathology',0,0,0,0,0,0,0,0,0,0,0,10,10,10),(88,1,1,'Veterinary College, Hebbal, Bengaluru','Veterinary Anatomy',0,0,0,0,0,0,0,0,0,0,1,3,4,4),(89,6,1,'Veterinary College, Hebbal, Bengaluru','Veterinary Physiology & Biochemistry',0,0,0,0,0,0,0,0,0,0,6,1,7,7),(90,2,1,'Veterinary College, Hebbal, Bengaluru','Animal Nutrition',0,0,0,0,0,0,0,0,0,0,2,2,4,4),(91,3,1,'Veterinary College, Hebbal, Bengaluru','Animal Genetics & Breeding',0,0,0,0,0,0,0,0,0,0,3,1,4,4),(92,2,1,'Veterinary College, Hebbal, Bengaluru','Livestock Production Management',0,0,0,0,0,0,0,0,0,0,2,4,6,6),(93,6,1,'Veterinary College, Hebbal, Bengaluru','Livestock Farm Complex',0,0,0,1,0,1,0,0,0,0,5,2,7,8),(94,3,1,'Veterinary College, Hebbal, Bengaluru','Veterinary Clinical Complex',0,0,0,0,0,0,0,0,0,0,3,4,7,7),(95,2,1,'Veterinary College, Hebbal, Bengaluru','Veterinary Parasitology',0,0,0,0,0,0,0,0,0,0,2,2,4,4),(96,1,1,'Veterinary College, Hebbal, Bengaluru','veterinary Pathology',0,0,0,0,0,0,0,0,0,0,1,5,6,6),(97,2,1,'Veterinary College, Hebbal, Bengaluru','Veterinary Microbiology',0,0,0,0,0,0,0,0,0,0,2,2,4,4),(98,0,1,'Dairy Science College, Bengaluru','Physical Education',0,0,0,0,0,0,0,0,0,0,0,1,1,1),(99,1,1,'Veterinary College, Hebbal, Bengaluru','Physical Education',0,0,0,0,0,0,0,0,0,0,0,1,1,1),(100,3,1,'Veterinary College, Hebbal, Bengaluru','Veterinary Pharmacology & Toxicology',0,0,0,0,0,0,0,0,0,0,2,2,4,4),(101,4,1,'Veterinary College, Hebbal, Bengaluru','Veterinary Public Health & Epidemiology',0,0,0,0,0,0,0,0,0,0,3,1,4,4),(102,3,1,'Veterinary College, Hebbal, Bengaluru','Livestock Product Technology',0,0,0,0,0,0,0,0,0,0,2,2,4,4),(103,3,1,'Veterinary College, Hebbal, Bengaluru','Veterinary & Animal Husbandry Ext',0,0,0,0,0,0,0,0,0,0,2,2,4,4),(104,4,1,'Veterinary College, Hebbal, Bengaluru','Veterinary Gynaecology & Obstetrecs',0,0,0,0,0,0,0,0,0,0,3,3,6,6),(105,4,1,'Veterinary College, Hebbal, Bengaluru','Veterinary Surgery & Radiology',0,0,0,0,0,0,0,0,0,0,3,3,6,6),(106,4,1,'Veterinary College, Hebbal, Bengaluru','Veterinary medicine',0,0,0,0,0,0,0,0,0,0,3,3,6,6),(107,1,1,'Veterinary College, Hebbal, Bengaluru','AIRCRP on Poultry',0,0,0,0,0,0,0,0,0,0,1,0,1,1),(108,1,1,'Dairy Science College, Kalaburagi','Dairy Technology',0,0,0,0,0,0,0,0,0,0,1,8,9,9),(109,1,1,'College of Fisheries, Mangaluru','Aquaculture',0,0,0,0,0,0,0,0,0,0,1,8,9,9),(110,4,1,'College of Fisheries, Mangaluru','Fisheries Resources and Management',0,0,0,0,0,0,0,0,0,0,4,11,15,15),(111,2,1,'Dairy Science College, Kalaburagi','Dairy Engineering',0,0,0,0,0,0,0,0,0,0,2,7,9,9),(112,4,1,'College of Fisheries, Mangaluru','Aquatic Environment Management',0,0,0,0,0,0,0,0,0,0,4,4,8,8),(113,2,1,'College of Fisheries, Mangaluru','Aquatic Animal Health Management',0,0,0,0,0,0,0,0,0,0,2,3,5,5),(114,1,1,'College of Fisheries, Mangaluru','Fisheries Economics Statistics and Extension',0,0,0,0,0,0,0,0,0,0,1,5,6,6),(115,1,1,'College of Fisheries, Mangaluru','Fish Processing Technology',0,0,0,0,0,0,0,0,0,0,1,15,16,16),(116,5,1,'College of Fisheries, Mangaluru','Fisheries Engineering and Technology',0,0,0,0,0,0,0,0,0,0,5,7,12,12),(117,1,1,'College of Fisheries, Mangaluru','Physical Education',0,0,0,0,0,0,0,0,0,0,1,0,1,1),(118,0,1,'College of Fisheries, Mangaluru','Fisheries Biochemistry',0,0,0,0,0,0,0,0,0,0,0,2,2,2),(119,0,1,'College of Fisheries, Mangaluru','Basic Science(English)',0,0,0,0,0,0,0,0,0,0,0,1,1,1),(120,0,1,'College of Fisheries, Mangaluru','Basic Science(Physics)',0,0,0,0,0,0,0,0,0,0,0,1,1,1),(121,0,1,'College of Fisheries, Mangaluru','Basic Science(Chemistry)',0,0,0,0,0,0,0,0,0,0,0,1,1,1),(122,0,1,'College of Fisheries, Mangaluru','Basic Science(Zoology)',0,0,0,0,0,0,0,0,0,0,0,1,1,1),(123,0,1,'Dairy Science College, Kalaburagi','Dairy Chemistry',0,0,0,0,0,0,0,0,0,0,0,5,5,5),(124,2,1,'Dairy Science College, Kalaburagi','Dairy Microbiology',0,0,0,0,0,0,0,0,0,0,2,3,5,5),(125,0,1,'Dairy Science College, Kalaburagi','Dairy Economics and Business Management',0,0,0,0,0,0,0,0,0,0,0,4,4,4),(126,5,1,'Dairy Science College, Bengaluru','Dairy Technology',0,0,0,0,0,0,0,0,0,0,4,10,12,12),(127,3,1,'Dairy Science College, Bengaluru','Dairy Chemistry',0,0,0,0,0,0,0,0,0,0,3,3,6,6),(128,2,1,'Dairy Science College, Bengaluru','Dairy Engineering',0,0,0,0,0,0,0,0,0,0,2,7,9,9),(129,2,1,'Dairy Science College, Bengaluru','Dairy Microbiology',0,0,0,0,0,0,0,0,0,0,2,2,4,4),(130,3,1,'Dairy Science College, Bengaluru','Dairy Economics and Business Management',0,0,0,0,0,0,0,0,0,0,3,2,5,5),(131,1,1,'Dairy Science College, Bengaluru','Statistics and Computer Science',0,0,0,0,0,0,0,0,0,0,1,1,2,2),(132,0,1,'Dairy Science College, Bengaluru','Dairy Extension',0,0,0,0,0,0,0,0,0,0,0,1,1,1);
/*!40000 ALTER TABLE `department` ENABLE KEYS */;
UNLOCK TABLES;

--
-- Table structure for table `documents`
--

DROP TABLE IF EXISTS `documents`;
/*!40101 SET @saved_cs_client     = @@character_set_client */;
/*!40101 SET character_set_client = utf8 */;
CREATE TABLE `documents` (
  `id` bigint(20) NOT NULL AUTO_INCREMENT,
  `version` bigint(20) NOT NULL,
  `doc_name` varchar(255) DEFAULT NULL,
  `docs_path` varchar(255) DEFAULT NULL,
  PRIMARY KEY (`id`)
) ENGINE=InnoDB DEFAULT CHARSET=latin1;
/*!40101 SET character_set_client = @saved_cs_client */;

--
-- Dumping data for table `documents`
--

LOCK TABLES `documents` WRITE;
/*!40000 ALTER TABLE `documents` DISABLE KEYS */;
/*!40000 ALTER TABLE `documents` ENABLE KEYS */;
UNLOCK TABLES;

--
-- Table structure for table `filled_post`
--

DROP TABLE IF EXISTS `filled_post`;
/*!40101 SET @saved_cs_client     = @@character_set_client */;
/*!40101 SET character_set_client = utf8 */;
CREATE TABLE `filled_post` (
  `id` bigint(20) NOT NULL AUTO_INCREMENT,
  `version` bigint(20) NOT NULL,
  `admin_id_id` bigint(20) DEFAULT NULL,
  `cadre_type` varchar(255) DEFAULT NULL,
  `colg_name` varchar(255) DEFAULT NULL,
  `collag_id_id` bigint(20) DEFAULT NULL,
  `dateof_retirement` datetime DEFAULT NULL,
  `dept_id_id` bigint(20) DEFAULT NULL,
  `doe_assistant_professorkvafsu` datetime DEFAULT NULL,
  `doe_present_cadre` datetime DEFAULT NULL,
  `doe_professorcas` datetime DEFAULT NULL,
  `emp_pay_scale` varchar(255) DEFAULT NULL,
  `employee_name` varchar(255) DEFAULT NULL,
  `employee_number` varchar(255) DEFAULT NULL,
  `from_collage` varchar(255) DEFAULT NULL,
  `j371` varchar(255) DEFAULT NULL,
  `nameofpost` varchar(255) DEFAULT NULL,
  `nondoefor_promotion` datetime DEFAULT NULL,
  `nondoeinto_crafts` datetime DEFAULT NULL,
  `nondoeinto_onetimeupgradation` datetime DEFAULT NULL,
  `nondoeinto_present_payscale` datetime DEFAULT NULL,
  `non_present` varchar(255) DEFAULT NULL,
  `non_professor` varchar(255) DEFAULT NULL,
  `position_type` varchar(255) DEFAULT NULL,
  `present` varchar(255) DEFAULT NULL,
  `professor` varchar(255) DEFAULT NULL,
  `pwd` varchar(255) DEFAULT NULL,
  `remarks` varchar(255) DEFAULT NULL,
  `retired` varchar(255) DEFAULT NULL,
  `socialcategory` varchar(255) DEFAULT NULL,
  `staff_type` varchar(255) DEFAULT NULL,
  `transferpost` varchar(255) DEFAULT NULL,
  PRIMARY KEY (`id`),
  KEY `FK_75y393wffnv7gb6rc096256su` (`admin_id_id`),
  KEY `FK_8iij5iwmqomdqtduwv23bp2tm` (`collag_id_id`),
  KEY `FK_35ofc3xc4i04idjgn66ro92u8` (`dept_id_id`),
  CONSTRAINT `FK_35ofc3xc4i04idjgn66ro92u8` FOREIGN KEY (`dept_id_id`) REFERENCES `department` (`id`),
  CONSTRAINT `FK_75y393wffnv7gb6rc096256su` FOREIGN KEY (`admin_id_id`) REFERENCES `admin` (`id`),
  CONSTRAINT `FK_8iij5iwmqomdqtduwv23bp2tm` FOREIGN KEY (`collag_id_id`) REFERENCES `usercreation` (`id`)
) ENGINE=InnoDB AUTO_INCREMENT=241 DEFAULT CHARSET=latin1;
/*!40101 SET character_set_client = @saved_cs_client */;

--
-- Dumping data for table `filled_post`
--

LOCK TABLES `filled_post` WRITE;
/*!40000 ALTER TABLE `filled_post` DISABLE KEYS */;
INSERT INTO `filled_post` VALUES (1,1,1,'A','Veterinary College Bidar (AY:2025)',1,NULL,1,'1987-03-24 00:00:00','2009-07-04 00:00:00','2001-07-04 00:00:00',NULL,'Dr. Ashok Pawar','1A',NULL,'Yes',NULL,NULL,NULL,NULL,NULL,'Promotion','Promotion','Professor 1,','CAS','CAS','No','Promoted under CAS from Professor to Sr. Professor','False','GM','Teaching','False'),(2,1,1,'A','Veterinary College Bidar (AY:2025)',1,NULL,1,'2023-10-27 00:00:00',NULL,NULL,NULL,'Dr. Triveni','1C1',NULL,'No',NULL,NULL,NULL,NULL,NULL,'Promotion','Promotion','Assistant  Professor 1,','CAS','CAS','No',NULL,'False','ST','Teaching','False'),(3,1,1,'A','Veterinary College Bidar (AY:2025)',1,NULL,2,'2007-01-16 00:00:00','2018-01-20 00:00:00','2012-01-20 00:00:00',NULL,'Dr. Srikant Kulkarni','2A',NULL,'No',NULL,NULL,NULL,NULL,NULL,'Promotion','Promotion','Professor 1,','CAS','Direct','No','Promoted under CAS from Assoc. Professor','False','GM','Teaching','False'),(4,1,1,'A','Veterinary College Bidar (AY:2025)',1,NULL,2,'1992-06-09 00:00:00',NULL,'2010-05-24 00:00:00',NULL,'Sri. Kartikesh S.M','2B1',NULL,'No',NULL,NULL,NULL,NULL,NULL,'Promotion','Promotion','Associate  Professor 1,','CAS','CAS','No','Promoted under CAS from Asst. Prof. to Assoc. Prof.','False','GM','Teaching','False'),(5,1,1,'A','Veterinary College Bidar (AY:2025)',1,NULL,2,'2023-08-21 00:00:00',NULL,NULL,NULL,'Dr. Prathviraj','2C1',NULL,'Yes',NULL,NULL,NULL,NULL,NULL,'Promotion','Promotion','Assistant  Professor 1,','CAS','CAS','No',NULL,'False','GM','Teaching','False'),(6,1,1,'A','Veterinary College Bidar (AY:2025)',1,NULL,2,'2023-08-21 00:00:00',NULL,NULL,NULL,'Dr. Ambadas','2C2',NULL,'Yes',NULL,NULL,NULL,NULL,NULL,'Promotion','Promotion','Assistant  Professor 2,','CAS','CAS','No',NULL,'False','GM','Teaching','False'),(7,1,1,'A','Veterinary College Bidar (AY:2025)',1,NULL,2,'2019-02-16 00:00:00',NULL,NULL,NULL,'Dr. Vijayalakshmi','2C3',NULL,'Yes',NULL,NULL,NULL,NULL,NULL,'Promotion','Promotion','Assistant  Professor 3,','CAS','CAS','No',NULL,'False','ST','Teaching','False'),(8,1,1,'A','Veterinary College Bidar (AY:2025)',1,NULL,3,'2011-06-04 00:00:00',NULL,'2023-07-19 00:00:00',NULL,'Dr. Giridhar R.K.S.','3B',NULL,'No',NULL,NULL,NULL,NULL,NULL,'Promotion','Promotion','Associate  Professor 1,','CAS','Direct','No',NULL,'False','SC','Teaching','False'),(9,1,1,'A','Veterinary College Bidar (AY:2025)',1,NULL,3,'2014-03-21 00:00:00',NULL,NULL,NULL,'Dr. Ravindara Dombar','3C1',NULL,'No',NULL,NULL,NULL,NULL,NULL,'Promotion','Promotion','Assistant  Professor 1,','CAS','CAS','No',NULL,'False','SC','Teaching','False'),(10,2,1,'A','Veterinary College Shivamogga',2,NULL,14,'2007-01-16 00:00:00','2023-01-16 00:00:00','2020-01-16 00:00:00',NULL,'Dr. Lakshmishree K.T','1A',NULL,'Yes',NULL,NULL,NULL,NULL,NULL,'Promotion','Promotion',NULL,'CAS','CAS','Yes','111','False','GM','Teaching','False'),(11,1,1,'A','Veterinary College Shivamogga',2,NULL,4,'2012-09-11 00:00:00',NULL,NULL,NULL,'Dr. Dhoolappa Meliname','1C1',NULL,'No',NULL,NULL,NULL,NULL,NULL,'Promotion','Promotion','Assistant  Professor 1,','CAS','CAS','No',NULL,'False','GM','Teaching','False'),(12,1,1,'A','Veterinary College Shivamogga',2,NULL,5,'2012-08-09 00:00:00',NULL,'2023-07-11 00:00:00',NULL,'Dr. Srinivas Reddy Bellur','2B1',NULL,'Yes',NULL,NULL,NULL,NULL,NULL,'Promotion','Promotion','Associate  Professor 1,','CAS','Direct','No',NULL,'False','GM','Teaching','False'),(13,1,1,'A','Veterinary College Shivamogga',2,NULL,5,'2023-08-23 00:00:00',NULL,NULL,NULL,'Dr. Yogesh','2C1',NULL,'Yes',NULL,NULL,NULL,NULL,NULL,'Promotion','Promotion','Assistant  Professor 1,','CAS','CAS','No',NULL,'False','GM','Teaching','False'),(14,1,1,'A','Veterinary College Bidar (AY:2025)',1,NULL,6,'1995-10-19 00:00:00','2011-10-19 00:00:00','2007-02-06 00:00:00',NULL,'Dr. M.D. Surangi','4A',NULL,'No',NULL,NULL,NULL,NULL,NULL,'Promotion','Promotion','Professor 1,','CAS','CAS','No','Promoted under CAS from Assoc. Prof. to Professor','False','GM','Teaching','False'),(15,1,1,'A','Veterinary College Bidar (AY:2025)',1,NULL,6,'2012-01-06 00:00:00',NULL,'2023-07-14 00:00:00',NULL,'Dr. Basavarai Inamdar','4B',NULL,'No',NULL,NULL,NULL,NULL,NULL,'Promotion','Promotion','Associate  Professor 1,','CAS','Direct','No',NULL,'False','SC','Teaching','False'),(16,1,1,'A','Veterinary College Bidar (AY:2025)',1,NULL,6,'2023-08-24 00:00:00',NULL,NULL,NULL,'Dr. N.Anandkumar','4C1',NULL,'Yes',NULL,NULL,NULL,NULL,NULL,'Promotion','Promotion','Assistant  Professor 1,','CAS','CAS','No',NULL,'False','GM','Teaching','False'),(17,1,1,'A','Veterinary College Bidar (AY:2025)',1,NULL,7,'2007-01-13 00:00:00','2033-07-01 00:00:00','2020-07-01 00:00:00',NULL,'Dr. Biradar Sastish Chandara','5A',NULL,'Yes',NULL,NULL,NULL,NULL,NULL,'Promotion','Promotion','Professor 1,','CAS','CAS','No','Promoted under CAS from Assoc. Prof. to Professor','False','GM','Teaching','False'),(18,1,1,'A','Veterinary College Bidar (AY:2025)',1,NULL,7,'2023-08-22 00:00:00',NULL,NULL,NULL,'Dr. Ambika','5C1',NULL,'Yes',NULL,NULL,NULL,NULL,NULL,'Promotion','Promotion','Assistant  Professor 1,','CAS','CAS','No',NULL,'False','GM','Teaching','False'),(19,1,1,'A','Veterinary College Bidar (AY:2025)',1,NULL,8,'1998-04-13 00:00:00',NULL,'2012-04-13 00:00:00',NULL,'Dr. Prashant G. Waghmare','6B',NULL,'No',NULL,NULL,NULL,NULL,NULL,'Promotion','Promotion','Associate  Professor 1,','CAS','CAS','No',NULL,'False','SC','Teaching','False'),(20,1,1,'A','Veterinary College Bidar (AY:2025)',1,NULL,8,'2023-08-09 00:00:00',NULL,NULL,NULL,'Dr. Chilkkegoudara Kotresh Prasad','6C1',NULL,'Yes',NULL,NULL,NULL,NULL,NULL,'Promotion','Promotion','Assistant  Professor 1,','CAS','CAS','No',NULL,'False','3B','Teaching','False'),(21,1,1,'A','Veterinary College Bidar (AY:2025)',1,NULL,8,'2019-02-15 00:00:00',NULL,NULL,NULL,'Dr. Vidyasagar','6C2',NULL,'Yes',NULL,NULL,NULL,NULL,NULL,'Promotion','Promotion','Assistant  Professor 2,','CAS','CAS','No',NULL,'False','ST','Teaching','False'),(22,1,1,'A','Veterinary College Bidar (AY:2025)',1,NULL,9,'1998-04-27 00:00:00','2015-04-27 00:00:00','2012-04-27 00:00:00',NULL,'Dr. Bijurkar Rajeshwar G','7A',NULL,'No',NULL,NULL,NULL,NULL,NULL,'Promotion','Promotion','Professor 1,','CAS','CAS','No','Promoted under CAS from Assoc. to Professor','False','SC','Teaching','False'),(23,1,1,'A','Veterinary College Bidar (AY:2025)',1,NULL,9,'2023-08-21 00:00:00',NULL,NULL,NULL,'Dr. Jafarsab','7C1',NULL,'Yes',NULL,NULL,NULL,NULL,NULL,'Promotion','Promotion','Assistant  Professor 1,','CAS','CAS','No',NULL,'False','GM','Teaching','False'),(24,1,1,'A','Veterinary College Bidar (AY:2025)',1,NULL,9,'2023-09-02 00:00:00',NULL,NULL,NULL,'Dr. Niteeshkumar','7C2',NULL,'Yes',NULL,NULL,NULL,NULL,NULL,'Promotion','Promotion','Assistant  Professor 2,','CAS','CAS','No',NULL,'False','Cat-1','Teaching','False'),(25,1,1,'A','Veterinary College Bidar (AY:2025)',1,NULL,9,'2022-05-12 00:00:00',NULL,NULL,NULL,'Dr.Sarita','7C4',NULL,'No',NULL,NULL,NULL,NULL,NULL,'Promotion','Promotion','Assistant  Professor 3,','CAS','CAS','No','On Deputation Asst. Prof. (OPG) from VAHS Dept.','False','3B','Teaching','False'),(26,1,1,'A','Veterinary College Bidar (AY:2025)',1,NULL,10,'2012-08-10 00:00:00',NULL,'2023-06-30 00:00:00',NULL,'Dr. Adeppa','8B',NULL,'Yes',NULL,NULL,NULL,NULL,NULL,'Promotion','Promotion','Associate  Professor 1,','CAS','Direct','Yes',NULL,'False','2A','Teaching','False'),(27,1,1,'A','Veterinary College Shivamogga',2,NULL,11,'1989-09-28 00:00:00','2011-12-31 00:00:00','2008-12-31 00:00:00',NULL,'Dr. V Nagabhushan','3A',NULL,'No',NULL,NULL,NULL,NULL,NULL,'Promotion','Promotion','Professor 1,','CAS','CAS','No','Promoted under CAS from Professor to Sr. Professor on 31/12/2021','False','GM','Teaching','False'),(28,1,1,'A','Veterinary College Shivamogga',2,NULL,11,'2012-08-10 00:00:00',NULL,NULL,NULL,'Dr. Manju G.U.','3C1',NULL,'No',NULL,NULL,NULL,NULL,NULL,'Promotion','Promotion','Assistant  Professor 1,','CAS','CAS','No',NULL,'False','GM','Teaching','False'),(29,1,1,'A','Veterinary College Shivamogga',2,NULL,12,'2007-01-12 00:00:00','2023-01-12 00:00:00','2020-01-12 00:00:00',NULL,'Dr. Rudresh B.H.','4A',NULL,'No',NULL,NULL,NULL,NULL,NULL,'Promotion','Promotion','Professor 1,','CAS','CAS','No',NULL,'False','GM','Teaching','False'),(30,1,1,'A','Veterinary College Bidar (AY:2025)',1,NULL,10,'2023-08-21 00:00:00',NULL,NULL,NULL,'Dr. Shivani Mamane','8C1',NULL,'Yes',NULL,NULL,NULL,NULL,NULL,'Promotion','Promotion','Assistant  Professor 1,','CAS','CAS','No',NULL,'False','GM','Teaching','False'),(31,1,1,'A','Veterinary College Shivamogga',2,NULL,12,'2011-07-02 00:00:00',NULL,NULL,NULL,'Dr.ShankarappaBhajanatri','4C1',NULL,'No',NULL,NULL,NULL,NULL,NULL,'Promotion','Promotion','Assistant  Professor 1,','CAS','CAS','No',NULL,'False','SC','Teaching','False'),(32,1,1,'A','Veterinary College Shivamogga',2,NULL,14,'2012-09-11 00:00:00',NULL,NULL,NULL,'Dr. VeerannaGowda B.G.','5C1',NULL,'No',NULL,NULL,NULL,NULL,NULL,'Promotion','Promotion','Assistant  Professor 1,','CAS','CAS','No',NULL,'False','GM','Teaching','False'),(33,1,1,'A','Veterinary College Bidar (AY:2025)',1,NULL,13,'1989-02-07 00:00:00','2017-01-24 00:00:00','2010-05-24 00:00:00',NULL,'Dr. Dheerendra Tatyasaheb Naik','8A',NULL,'No',NULL,NULL,NULL,NULL,NULL,'Promotion','Promotion','Professor 1,','CAS','CAS','No','Promoted under CAS from Assoc. to Professor','False','GM','Teaching','False'),(34,1,1,'A','Veterinary College Shivamogga',2,NULL,14,'2023-08-23 00:00:00',NULL,NULL,NULL,'Dr.ShradhaSheety','5C2',NULL,'Yes',NULL,NULL,NULL,NULL,NULL,'Promotion','Promotion','Assistant  Professor 1,','CAS','CAS','No',NULL,'False','GM','Teaching','False'),(35,1,1,'A','Veterinary College Bidar (AY:2025)',1,NULL,13,'2011-12-09 00:00:00',NULL,'2023-07-28 00:00:00',NULL,'Dr. Rajendra Kumar Talavar','9B1',NULL,'Yes',NULL,NULL,NULL,NULL,NULL,'Promotion','Promotion','Associate  Professor 1,','CAS','Direct','No',NULL,'False','ST','Teaching','False'),(36,1,1,'A','Veterinary College Bidar (AY:2025)',1,NULL,15,'2006-02-01 00:00:00','2022-01-31 00:00:00','2018-12-01 00:00:00',NULL,'Dr. Sambulingappa','10A',NULL,'No',NULL,NULL,NULL,NULL,NULL,'Promotion','Promotion','Professor 1,','CAS','CAS','No','His S.R at Registrar, Office','False','GM','Teaching','False'),(37,1,1,'A','Veterinary College Bidar (AY:2025)',1,NULL,15,'2010-10-13 00:00:00',NULL,NULL,NULL,'Dr. Mallinath K.C','10C1',NULL,'Yes',NULL,NULL,NULL,NULL,NULL,'Promotion','Promotion','Assistant  Professor 1,','CAS','CAS','No','Scientist-1 IAH&VB','False','2A','Teaching','False'),(38,1,1,'A','Veterinary College Shivamogga',2,NULL,16,'2011-06-02 00:00:00','2006-06-02 00:00:00','2009-01-02 00:00:00',NULL,'Dr. T. Thirumalesh','6A',NULL,'No',NULL,NULL,NULL,NULL,NULL,'Promotion','Promotion','Professor 1,','CAS','CAS','No','Promoted under CAS from professor to Sr. Professor on 02-06-2021','False','ST','Teaching','False'),(39,1,1,'A','Veterinary College Bidar (AY:2025)',1,NULL,17,'2007-03-28 00:00:00','0023-03-28 00:00:00','2020-03-28 00:00:00',NULL,'Dr. VIJAYKUMAR M','13A',NULL,'No',NULL,NULL,NULL,NULL,NULL,'Promotion','Promotion','Professor 1,','CAS','CAS','No','Promoted under CAS from Assoc. Professor to ASCP to Professor','False','GM','Teaching','False'),(40,1,1,'A','Veterinary College Bidar (AY:2025)',1,NULL,17,'2012-01-11 00:00:00',NULL,'2023-06-30 00:00:00',NULL,'Dr. Prashantkumar Waghe','13B',NULL,'Yes',NULL,NULL,NULL,NULL,NULL,'Promotion','Promotion','Associate  Professor 1,','CAS','Direct','No',NULL,'False','ST','Teaching','False'),(41,1,1,'A','Veterinary College Bidar (AY:2025)',1,NULL,18,'2012-08-09 00:00:00',NULL,NULL,NULL,'Dr. Arun G Kharate','14C1',NULL,'No',NULL,NULL,NULL,NULL,NULL,'Promotion','Promotion','Assistant  Professor 1,','CAS','CAS','No',NULL,'False','SC','Teaching','False'),(42,1,1,'A','Veterinary College Bidar (AY:2025)',1,NULL,18,'2024-01-24 00:00:00',NULL,NULL,NULL,'Dr. Savita R. Kashappanavar','14C2',NULL,'Yes',NULL,NULL,NULL,NULL,NULL,'Promotion','Promotion','Assistant  Professor 2,','CAS','CAS','No',NULL,'False','GM','Teaching','False'),(43,1,1,'A','Veterinary College Bidar (AY:2025)',1,NULL,19,'2014-05-03 00:00:00',NULL,'2023-07-07 00:00:00',NULL,'Dr. Kiran M','15B',NULL,'Yes',NULL,NULL,NULL,NULL,NULL,'Promotion','Promotion','Associate  Professor 1,','CAS','Direct','No',NULL,'False','SC','Teaching','False'),(44,1,1,'A','Veterinary College Bidar (AY:2025)',1,NULL,19,'2023-08-21 00:00:00',NULL,NULL,NULL,'Dr. Jamadar Deepika','15C1',NULL,'Yes',NULL,NULL,NULL,NULL,NULL,'Promotion','Promotion','Assistant  Professor 1,','CAS','CAS','No',NULL,'False','ST','Teaching','False'),(45,1,1,'A','Veterinary College Bidar (AY:2025)',1,NULL,20,'2012-08-08 00:00:00',NULL,'2023-06-30 00:00:00',NULL,'Dr. Channappagouda Biradar','16B',NULL,'Yes',NULL,NULL,NULL,NULL,NULL,'Promotion','Promotion','Associate  Professor 1,','CAS','Direct','Yes',NULL,'False','GM','Teaching','False'),(46,1,1,'A','Veterinary College Shivamogga',2,NULL,16,'2012-09-01 00:00:00',NULL,'2022-08-13 00:00:00',NULL,'Dr. Umesh B.U Poultry Science','6C1',NULL,'No',NULL,NULL,NULL,NULL,NULL,'Promotion','Promotion','Assistant  Professor 1,','CAS','CAS','No',NULL,'False','GM','Teaching','False'),(47,1,1,'A','Veterinary College Bidar (AY:2025)',1,NULL,21,'1994-03-30 00:00:00','2010-05-24 00:00:00','2003-03-30 00:00:00',NULL,'Dr. M.K. Tandle','17A',NULL,'Yes',NULL,NULL,NULL,NULL,NULL,'Promotion','Promotion','Professor 1,','CAS','CAS','No','Presently Working as Dean VCB and Promoted as Sr, Professor from Professor under CAS','False','GM','Teaching','False'),(48,1,1,'A','Veterinary College Bidar (AY:2025)',1,NULL,21,'2012-08-08 00:00:00',NULL,NULL,NULL,'Dr. Venkangouda D','17C1',NULL,'No',NULL,NULL,NULL,NULL,NULL,'Promotion','Promotion','Assistant  Professor 1,','CAS','CAS','No',NULL,'False','3A','Teaching','False'),(49,1,1,'A','Veterinary College Shivamogga',2,NULL,16,'2012-08-10 00:00:00',NULL,NULL,NULL,'Dr. Satheesh G. M','6C2',NULL,'No',NULL,NULL,NULL,NULL,NULL,'Promotion','Promotion','Assistant  Professor 1,','CAS','CAS','No',NULL,'False','GM','Teaching','False'),(50,1,1,'A','Veterinary College Bidar (AY:2025)',1,NULL,21,'2019-02-15 00:00:00',NULL,NULL,NULL,'Dr. G. Malasri','17C2',NULL,'Yes',NULL,NULL,NULL,NULL,NULL,'Promotion','Promotion','Assistant  Professor 2,','CAS','CAS','No',NULL,'False','ST','Teaching','False'),(51,1,1,'A','Veterinary College Shivamogga',2,NULL,22,'2023-10-20 00:00:00',NULL,NULL,NULL,'Dr. Paramesh N. Basur','7C1',NULL,'No',NULL,NULL,NULL,NULL,NULL,'Promotion','Promotion','Assistant  Professor 1,','CAS','CAS','No',NULL,'False','ST','Teaching','False'),(52,1,1,'A','Veterinary College Bidar (AY:2025)',1,NULL,23,'2012-09-11 00:00:00',NULL,'2023-07-25 00:00:00',NULL,'Dr. Bhagavantappa B','18B1',NULL,'Yes',NULL,NULL,NULL,NULL,NULL,'Promotion','Promotion','Associate  Professor 1,','CAS','Direct','No',NULL,'False','SC','Teaching','False'),(53,1,1,'A','Veterinary College Bidar (AY:2025)',1,NULL,23,'2012-07-21 00:00:00',NULL,'2023-07-21 00:00:00',NULL,'Dr. Manjunath Patil','18B2',NULL,'Yes',NULL,NULL,NULL,NULL,NULL,'Promotion','Promotion','Associate  Professor 2,','CAS','Direct','No',NULL,'False','2B','Teaching','False'),(54,1,1,'A','Veterinary College Shivamogga',2,NULL,24,'2012-08-09 00:00:00',NULL,'2025-09-08 00:00:00',NULL,'Dr. Jaya NagappaLakkundi','8C1',NULL,'No',NULL,NULL,NULL,NULL,NULL,'Promotion','Promotion','Assistant  Professor 1,','CAS','CAS','No',NULL,'False','GM','Teaching','False'),(55,1,1,'A','Veterinary College Bidar (AY:2025)',1,NULL,23,'2023-11-24 00:00:00',NULL,NULL,NULL,'Dr. M.K Praveen','18C1',NULL,'Yes',NULL,NULL,NULL,NULL,NULL,'Promotion','Promotion','Assistant  Professor 1,','CAS','CAS','No',NULL,'False','ST','Teaching','False'),(56,1,1,'A','Veterinary College Shivamogga',2,NULL,24,'2012-08-09 00:00:00',NULL,NULL,NULL,'Dr. Pradeep B.S','8C2',NULL,'No',NULL,NULL,NULL,NULL,NULL,'Promotion','Promotion','Assistant  Professor 1,','CAS','CAS','No',NULL,'False','GM','Teaching','False'),(57,1,1,'A','Veterinary College Bidar (AY:2025)',1,NULL,25,'1989-06-19 00:00:00','2010-05-24 00:00:00','2005-09-01 00:00:00',NULL,'Dr. Vivek R. Kasaralikar','19A',NULL,'No',NULL,NULL,NULL,NULL,NULL,'Promotion','Promotion','Professor 1,','CAS','CAS','No','Promoted under CAS from Professor to Sr. Professor','False','GM','Teaching','False'),(58,1,1,'A','Veterinary College Bidar (AY:2025)',1,NULL,25,'2023-08-19 00:00:00',NULL,NULL,NULL,'Dr. Yashoda Rathod','19C1',NULL,'Yes',NULL,NULL,NULL,NULL,NULL,'Promotion','Promotion','Assistant  Professor 1,','CAS','CAS','Yes',NULL,'False','SC','Teaching','False'),(59,1,1,'A','Veterinary College Shivamogga',2,NULL,26,'2007-04-04 00:00:00','2023-04-04 00:00:00','2020-04-04 00:00:00',NULL,'Dr. Kavitha Rani B','9A',NULL,'No',NULL,NULL,NULL,NULL,NULL,'Promotion','Promotion','Professor 1,','CAS','CAS','No',NULL,'False','GM','Teaching','False'),(60,1,1,'A','Veterinary College Bidar (AY:2025)',1,NULL,25,'2023-08-19 00:00:00',NULL,NULL,NULL,'Dr. B.Roopali','19C2',NULL,'Yes',NULL,NULL,NULL,NULL,NULL,'Promotion','Promotion','Assistant  Professor 2,','CAS','CAS','No',NULL,'False','GM','Teaching','False'),(61,1,1,'A','Veterinary College Shivamogga',2,NULL,26,'2012-09-08 00:00:00',NULL,NULL,NULL,'Dr. P. Ravikumar','9C1',NULL,'No',NULL,NULL,NULL,NULL,NULL,'Promotion','Promotion','Associate  Professor 1,','CAS','CAS','No',NULL,'False','3B','Teaching','False'),(62,1,1,'A','Veterinary College Bidar (AY:2025)',1,NULL,25,'2023-08-21 00:00:00',NULL,NULL,NULL,'Dr. Sateesh Ashok Golasangi','19C3',NULL,'Yes',NULL,NULL,NULL,NULL,NULL,'Promotion','Promotion','Assistant  Professor 3,','CAS','CAS','No',NULL,'False','SC','Teaching','False'),(63,1,1,'A','Veterinary College Shivamogga',2,NULL,26,'2012-09-11 00:00:00',NULL,NULL,NULL,'Dr. Manjunatha S S','9C2',NULL,'No',NULL,NULL,NULL,NULL,NULL,'Promotion','Promotion','Associate  Professor 1,','CAS','CAS','No',NULL,'False','GM','Teaching','False'),(64,1,1,'A','Veterinary College Shivamogga',2,NULL,29,'2012-08-06 00:00:00',NULL,NULL,NULL,'Dr.Arun S. J','10C1',NULL,'No',NULL,NULL,NULL,NULL,NULL,'Promotion','Promotion','Assistant  Professor 1,','CAS','CAS','No',NULL,'False','GM','Teaching','False'),(65,1,1,'A','Veterinary College Shivamogga',2,NULL,32,'2007-01-11 00:00:00','2018-01-20 00:00:00','2015-01-20 00:00:00',NULL,'Dr. Shridhar. N.B','14A1',NULL,'No',NULL,NULL,NULL,NULL,NULL,'Promotion','Promotion','Professor 1,','CAS','Direct','No',NULL,'False','GM','Teaching','False'),(66,1,1,'A','Veterinary College Shivamogga',2,NULL,32,'2007-01-16 00:00:00','2023-01-16 00:00:00','2020-01-16 00:00:00',NULL,'Dr. Sunil Chandra U','14A2',NULL,'No',NULL,NULL,NULL,NULL,NULL,'Promotion','Promotion','Professor 1,','CAS','CAS','No',NULL,'False','GM','Teaching','False'),(67,1,1,'A','Veterinary College Shivamogga',2,NULL,33,'1987-09-17 00:00:00','2011-12-31 00:00:00','2008-12-31 00:00:00',NULL,'Dr. Madhavaprased C.B','15A',NULL,'No',NULL,NULL,NULL,NULL,NULL,'Promotion','Promotion','Professor 1,','CAS','CAS','No',NULL,'False','GM','Teaching','False'),(68,1,1,'A','Veterinary College Shivamogga',2,NULL,33,'2019-02-13 00:00:00',NULL,NULL,NULL,'Dr. Prashanth Suresh Bagalkot','15C1',NULL,'No',NULL,NULL,NULL,NULL,NULL,'Promotion','Promotion','Assistant  Professor 1,','CAS','CAS','No',NULL,'False','SC','Teaching','False'),(69,1,1,'A','Veterinary College Shivamogga',2,NULL,34,'2007-01-05 00:00:00','2018-01-20 00:00:00','2015-01-20 00:00:00',NULL,'Dr.Chidanandaiah','16A',NULL,'No',NULL,NULL,NULL,NULL,NULL,'Promotion','Promotion','Professor 1,','CAS','CAS','No',NULL,'False','GM','Teaching','False'),(70,1,1,'A','Veterinary College Shivamogga',2,NULL,35,'2012-09-11 00:00:00',NULL,NULL,NULL,'Dr. Gopala G.T','17C1',NULL,'No',NULL,NULL,NULL,NULL,NULL,'Promotion','Promotion','Assistant  Professor 1,','CAS','CAS','No',NULL,'False','GM','Teaching','False'),(71,1,1,'A','Veterinary College Shivamogga',2,NULL,36,'2012-08-09 00:00:00',NULL,NULL,NULL,'Dr. Suchitra B.R.','18C1',NULL,'No',NULL,NULL,NULL,NULL,NULL,'Promotion','Promotion','Assistant  Professor 1,','CAS','CAS','No',NULL,'False','GM','Teaching','False'),(72,1,1,'A','Veterinary College Shivamogga',2,NULL,36,'2023-07-07 00:00:00',NULL,NULL,NULL,'Dr. Chethan Sharma G','18C2',NULL,'No',NULL,NULL,NULL,NULL,NULL,'Promotion','Promotion','Assistant  Professor 2,','CAS','CAS','No',NULL,'False','SC','Teaching','False'),(73,1,1,'A','Veterinary College Shivamogga',2,NULL,36,'2023-07-14 00:00:00',NULL,NULL,NULL,'Dr.SanthoshShinde','18C3',NULL,'Yes',NULL,NULL,NULL,NULL,NULL,'Promotion','Promotion','Assistant  Professor 3,','CAS','CAS','No',NULL,'False','SC','Teaching','False'),(74,1,1,'A','Veterinary College Shivamogga',2,NULL,37,'2007-01-06 00:00:00','2023-01-06 00:00:00','2020-01-06 00:00:00',NULL,'Dr. Ravi Raidurg','19A',NULL,'No',NULL,NULL,NULL,NULL,NULL,'Promotion','Promotion','Professor 1,','CAS','CAS','No',NULL,'False','GM','Teaching','False'),(75,1,1,'A','Veterinary College Shivamogga',2,NULL,37,'2012-07-17 00:00:00',NULL,NULL,NULL,'Dr.Mahesh.V','19C1',NULL,'No',NULL,NULL,NULL,NULL,NULL,'Promotion','Promotion','Assistant  Professor 1,','CAS','CAS','No',NULL,'False','GM','Teaching','False'),(76,1,1,'A','Veterinary College Shivamogga',2,NULL,38,'2006-11-06 00:00:00','2021-12-04 00:00:00','2019-12-04 00:00:00',NULL,'Dr. Ravindra B G','20A',NULL,'No',NULL,NULL,NULL,NULL,NULL,'Promotion','Promotion','Professor 1,','CAS','CAS','No',NULL,'False','SC','Teaching','False'),(77,1,1,'A','Veterinary College Shivamogga',2,NULL,38,'2014-04-20 00:00:00',NULL,'2023-09-27 00:00:00',NULL,'Dr.Malatesh D.S(On deputation from B.R.D Veterinary College, Athani)','20B2',NULL,'No',NULL,NULL,NULL,NULL,NULL,'Promotion','Promotion','Associate  Professor 1,','CAS','Direct','No',NULL,'False','SC','Teaching','False'),(78,1,1,'A','Veterinary College Shivamogga',2,NULL,35,'2014-03-10 00:00:00',NULL,NULL,NULL,'Dr. Harisha M','17C2',NULL,'No',NULL,NULL,NULL,NULL,NULL,'Promotion','Promotion','Assistant  Professor 1,','CAS','CAS','No',NULL,'False','ST','Teaching','False'),(79,1,1,'A','Verterinary College Athani',3,NULL,39,'2012-08-10 00:00:00',NULL,NULL,NULL,'Dr. Girish M. Halemani','1C1',NULL,'No',NULL,NULL,NULL,NULL,NULL,'Promotion','Promotion','Assistant  Professor 1,','CAS','CAS','No',NULL,'False','GM','Teaching','False'),(80,2,1,'A','Verterinary College Athani',3,NULL,40,'2023-10-12 00:00:00',NULL,NULL,NULL,'Dr. Ajithakumar H.M.','2C1',NULL,'No',NULL,NULL,NULL,NULL,NULL,'Promotion','Promotion','Assistant  Professor 1,','CAS','CAS','No',NULL,'False','3B','Teaching','False'),(81,1,1,'A','Verterinary College Athani',3,NULL,40,'2023-10-05 00:00:00',NULL,NULL,NULL,'Dr. Shwetha H. S.','2C2',NULL,'No',NULL,NULL,NULL,NULL,NULL,'Promotion','Promotion','Assistant  Professor 2,','CAS','CAS','No',NULL,'False','3A','Teaching','False'),(82,1,1,'A','Verterinary College Athani',3,NULL,40,'2023-12-01 00:00:00',NULL,NULL,NULL,'Dr. Aparna Hebbar H.','2C3',NULL,'No',NULL,NULL,NULL,NULL,NULL,'Promotion','Promotion','Assistant  Professor 3,','CAS','CAS','No',NULL,'False','GM','Teaching','False'),(83,1,1,'A','Verterinary College Athani',3,NULL,41,'2024-03-23 00:00:00',NULL,NULL,NULL,'Dr. Cherryl Dimphna Miranda','5B',NULL,'No',NULL,NULL,NULL,NULL,NULL,'Promotion','Promotion','Associate  Professor 1,','CAS','CAS','No',NULL,'False','GM','Teaching','False'),(84,1,1,'A','Veterinary College, Hassan',4,NULL,45,'2011-12-07 00:00:00',NULL,NULL,NULL,'Dr. Rajashailesh N.M','1C1',NULL,'No',NULL,NULL,NULL,NULL,NULL,'Promotion','Promotion','Assistant  Professor 1,','CAS','CAS','No',NULL,'False','SC','Teaching','False'),(85,1,1,'A','Veterinary College, Hassan',4,NULL,46,'2012-07-16 00:00:00',NULL,NULL,NULL,'Dr.Vinuthan M.K','2C1',NULL,'No',NULL,NULL,NULL,NULL,NULL,'Promotion','Promotion','Assistant  Professor 1,','CAS','CAS','No',NULL,'False','Cat-1','Teaching','False'),(86,1,1,'A','Verterinary College Athani',3,NULL,42,'2024-10-30 00:00:00',NULL,NULL,NULL,'Dr. Bharat Bhushan M','6C1',NULL,'No',NULL,NULL,NULL,NULL,NULL,'Promotion','Promotion','Associate  Professor 1,','CAS','CAS','No',NULL,'False','SC','Teaching','False'),(87,1,1,'A','Veterinary College, Hassan',4,NULL,46,'2012-08-07 00:00:00',NULL,NULL,NULL,'Dr. Hemanth Gowda','2C2',NULL,'No',NULL,NULL,NULL,NULL,NULL,'Promotion','Promotion','Assistant  Professor 2,','CAS','CAS','No',NULL,'False','3A','Teaching','False'),(88,1,1,'A','Veterinary College, Hassan',4,NULL,46,'2012-09-11 00:00:00',NULL,NULL,NULL,'Dr. Ramesh D','2C3',NULL,'No',NULL,NULL,NULL,NULL,NULL,'Promotion','Promotion','Assistant  Professor 3,','CAS','CAS','No',NULL,'False','3A','Teaching','False'),(89,1,1,'A','Veterinary College, Hassan',4,NULL,47,'2023-08-21 00:00:00',NULL,NULL,NULL,'Dr.Anil','3C2',NULL,'Yes',NULL,NULL,NULL,NULL,NULL,'Promotion','Promotion','Assistant  Professor 1,','CAS','CAS','No',NULL,'False','2A','Teaching','False'),(90,1,1,'A','Verterinary College Athani',3,NULL,42,'2024-08-14 00:00:00',NULL,NULL,NULL,'Dr. Paramesha S.C.','6C2',NULL,'No',NULL,NULL,NULL,NULL,NULL,'Promotion','Promotion','Assistant  Professor 2,','CAS','CAS','No',NULL,'False','2A','Teaching','False'),(91,1,1,'A','Veterinary College, Hassan',4,NULL,48,'2007-07-23 00:00:00','2022-05-31 00:00:00','2019-01-27 00:00:00',NULL,'Dr. Naveen Kumar S','4A',NULL,'No',NULL,NULL,NULL,NULL,NULL,'Promotion','Promotion','Professor 1,','CAS','CAS','No',NULL,'False','SC','Teaching','False'),(92,1,1,'A','Veterinary College, Hassan',4,NULL,48,'2019-02-15 00:00:00',NULL,NULL,NULL,'Dr. Shrikant Dodamani','4C1',NULL,'No',NULL,NULL,NULL,NULL,NULL,'Promotion','Promotion','Assistant  Professor 1,','CAS','CAS','No',NULL,'False','SC','Teaching','False'),(93,1,1,'A','Veterinary College, Hassan',4,NULL,49,'2011-12-07 00:00:00',NULL,NULL,NULL,'Dr. Guru Prasad R','5C1',NULL,'No',NULL,NULL,NULL,NULL,NULL,'Promotion','Promotion','Assistant  Professor 1,','CAS','CAS','No',NULL,'False','SC','Teaching','False'),(94,1,1,'A','Verterinary College Athani',3,NULL,43,'2014-04-02 00:00:00',NULL,'2023-09-27 00:00:00',NULL,'Dr. Malatesh D.S.','7B',NULL,'No',NULL,NULL,NULL,NULL,NULL,'Promotion','Promotion','Associate  Professor 1,','CAS','CAS','No','On Deputation to VCS from 04/12/2024 onwards','False','SC','Teaching','False'),(95,1,1,'A','Verterinary College Athani',3,NULL,43,'2023-11-22 00:00:00',NULL,NULL,NULL,'Dr.Shivangouda patil','7C1',NULL,'No',NULL,NULL,NULL,NULL,NULL,'Promotion','Promotion','Associate  Professor 2,','CAS','CAS','No',NULL,'False','3B','Teaching','False'),(96,1,1,'A','Veterinary College, Hassan',4,NULL,50,'2012-07-18 00:00:00',NULL,NULL,NULL,'Dr. Chethan K.P','6C1',NULL,'No',NULL,NULL,NULL,NULL,NULL,'Promotion','Promotion','Assistant  Professor 1,','CAS','CAS','No',NULL,'False','3B','Teaching','False'),(97,1,1,'A','Veterinary College, Hassan',4,NULL,51,'2012-08-09 00:00:00',NULL,NULL,NULL,'Dr. Manjunath D.R','7C1',NULL,'No',NULL,NULL,NULL,NULL,NULL,'Promotion','Promotion','Assistant  Professor 1,','CAS','CAS','No',NULL,'False','2A','Teaching','False'),(98,1,1,'A','Verterinary College Athani',3,NULL,44,'2023-11-03 00:00:00',NULL,NULL,NULL,'Dr. Shivalingappa Mukartal','10B',NULL,'No',NULL,NULL,NULL,NULL,NULL,'Promotion','Promotion','Associate  Professor 1,','CAS','CAS','No',NULL,'False','GM','Teaching','False'),(99,1,1,'A','Veterinary College, Hassan',4,NULL,52,'2011-12-09 00:00:00',NULL,'2023-07-13 00:00:00',NULL,'Dr. Krishnamurthy C.M','8B',NULL,'No',NULL,NULL,NULL,NULL,NULL,'Promotion','Promotion','Associate  Professor 1,','CAS','Direct','No',NULL,'False','SC','Teaching','False'),(100,1,1,'A','Veterinary College, Hassan',4,NULL,52,'2012-08-10 00:00:00',NULL,NULL,NULL,'Dr. Veena M','8C1',NULL,'No',NULL,NULL,NULL,NULL,NULL,'Promotion','Promotion','Assistant  Professor 1,','CAS','CAS','No','Two Days a Week working arrangement to HVC','False','2A','Teaching','False'),(101,2,1,'A','Veterinary College, Gadag',5,NULL,54,'2006-12-01 00:00:00','2019-02-12 00:00:00',NULL,NULL,'Dr. Ganganaik S','1A',NULL,'No',NULL,NULL,NULL,NULL,NULL,'Promotion','Promotion','Professor 1,','CAS','CAS','No',NULL,'True','SC','Teaching','False'),(102,1,1,'A','Veterinary College, Gadag',5,NULL,55,'2006-12-27 00:00:00',NULL,'2018-12-27 00:00:00',NULL,'Dr. A M Kotresh','2B1',NULL,'No',NULL,NULL,NULL,NULL,NULL,'Promotion','Promotion','Associate  Professor 1,','CAS','CAS','No',NULL,'False','GM','Teaching','False'),(103,1,1,'A','Veterinary College, Gadag',5,NULL,55,'2012-08-11 00:00:00',NULL,NULL,NULL,'Dr. D S Kumara Wodeyar','2C1',NULL,'No',NULL,NULL,NULL,NULL,NULL,'Promotion','Promotion','Assistant  Professor 1,','CAS','CAS','No',NULL,'False','2A','Teaching','False'),(104,1,1,'A','Veterinary College, Gadag',5,NULL,55,'2019-02-18 00:00:00',NULL,NULL,NULL,'Dr. Maneesha H S','2C2',NULL,'No',NULL,NULL,NULL,NULL,NULL,'Promotion','Promotion','Assistant  Professor 2,','CAS','CAS','No',NULL,'False','SC','Teaching','False'),(105,1,1,'A','Veterinary College, Gadag',5,NULL,55,'2019-02-16 00:00:00',NULL,NULL,NULL,'Dr. Vijayalakshmi','2C3',NULL,'No',NULL,NULL,NULL,NULL,NULL,'Promotion','Promotion','Assistant  Professor 3,','CAS','CAS','No',NULL,'False','ST','Teaching','False'),(106,1,1,'A','Veterinary College, Gadag',5,NULL,56,'2011-06-02 00:00:00','2011-06-02 00:00:00',NULL,NULL,'Dr. T Tirumalesh','3A',NULL,'No',NULL,NULL,NULL,NULL,NULL,'Promotion','Promotion','Professor 1,','Direct','CAS','No',NULL,'False','ST','Teaching','False'),(107,1,1,'A','Veterinary College, Gadag',5,NULL,56,'2012-09-08 00:00:00',NULL,NULL,NULL,'Dr. M S Rudraswamy','3C1',NULL,'No',NULL,NULL,NULL,NULL,NULL,'Promotion','Promotion','Assistant  Professor 1,','CAS','CAS','No',NULL,'False','GM','Teaching','False'),(108,1,1,'A','Veterinary College, Gadag',5,NULL,57,'1987-09-24 00:00:00','2010-01-10 00:00:00',NULL,NULL,'Dr. M M Appannavar','4A',NULL,'No',NULL,NULL,NULL,NULL,NULL,'Promotion','Promotion','Professor 1,','CAS','CAS','No',NULL,'False','GM','Teaching','False'),(109,1,1,'A','Veterinary College, Hassan',4,NULL,53,'2012-07-17 00:00:00',NULL,'2023-08-21 00:00:00',NULL,'Dr.Anjan Kumar K.R','9B1',NULL,'No',NULL,NULL,NULL,NULL,NULL,'Promotion','Promotion','Associate  Professor 1,','CAS','CAS','No','On deputation to VCH Bengaluru','False','SC','Teaching','False'),(110,1,1,'A','Veterinary College, Gadag',5,NULL,57,'2012-08-10 00:00:00',NULL,NULL,NULL,'Dr. Siddalingswamy Hiremath','4C1',NULL,'No',NULL,NULL,NULL,NULL,NULL,'Promotion','Promotion','Assistant  Professor 1,','CAS','CAS','No',NULL,'False','GM','Teaching','False'),(111,1,1,'A','Veterinary College, Hassan',4,NULL,53,'2012-09-10 00:00:00',NULL,NULL,NULL,'Dr.Girish B.C.','9C1',NULL,'No',NULL,NULL,NULL,NULL,NULL,'Promotion','Promotion','Assistant  Professor 1,','CAS','CAS','No',NULL,'False','GM','Teaching','False'),(112,1,1,'A','Veterinary College, Gadag',5,NULL,58,'1994-07-09 00:00:00','2012-06-01 00:00:00',NULL,NULL,'Dr. Vijaykumar B Shettar','5A',NULL,'No',NULL,NULL,NULL,NULL,NULL,'Promotion','Promotion','Professor 1,','CAS','CAS','No',NULL,'False','GM','Teaching','False'),(113,1,1,'A','Veterinary College, Gadag',5,NULL,58,'2012-09-11 00:00:00',NULL,NULL,NULL,'Dr. B G Veeranna Gowda','5C1',NULL,'No',NULL,NULL,NULL,NULL,NULL,'Promotion','Promotion','Assistant  Professor 1,','CAS','CAS','No',NULL,'False','GM','Teaching','False'),(114,1,1,'A','Veterinary College, Hassan',4,NULL,53,'2012-09-08 00:00:00',NULL,NULL,NULL,'Dr. Shilpa V.T.','9C2',NULL,'No',NULL,NULL,NULL,NULL,NULL,'Promotion','Promotion','Assistant  Professor 2,','CAS','CAS','No',NULL,'False','3A','Teaching','False'),(115,1,1,'A','Veterinary College, Gadag',5,NULL,59,'2006-12-20 00:00:00',NULL,'2018-12-20 00:00:00',NULL,'Dr. S B Prasanna','6B',NULL,'No',NULL,NULL,NULL,NULL,NULL,'Promotion','Promotion','Associate  Professor 1,','CAS','CAS','No',NULL,'False','3B','Teaching','False'),(116,1,1,'A','Veterinary College, Gadag',5,NULL,59,'2007-01-12 00:00:00',NULL,NULL,NULL,'Dr. Rudresh B H','6C1',NULL,'No',NULL,NULL,NULL,NULL,NULL,'Promotion','Promotion','Assistant  Professor 1,','CAS','CAS','No',NULL,'False','GM','Teaching','False'),(117,1,1,'A','Veterinary College, Gadag',5,NULL,59,'2007-01-12 00:00:00',NULL,NULL,NULL,'Dr. Mahantesh M Nekar','6C2',NULL,'No',NULL,NULL,NULL,NULL,NULL,'Promotion','Promotion','Assistant  Professor 2,','CAS','CAS','No',NULL,'False','GM','Teaching','False'),(118,1,1,'A','Veterinary College, Gadag',5,NULL,59,'2019-02-16 00:00:00',NULL,NULL,NULL,'Dr. G Y Dharmaraj','6C3',NULL,'No',NULL,NULL,NULL,NULL,NULL,'Promotion','Promotion','Assistant  Professor 3,','CAS','CAS','No',NULL,'False','SC','Teaching','False'),(119,1,1,'A','Veterinary College, Gadag',5,NULL,59,'2019-02-16 00:00:00',NULL,NULL,NULL,'Dr. Pruthiveshree B S','6C4',NULL,'No',NULL,NULL,NULL,NULL,NULL,'Promotion','Promotion','Assistant  Professor 4,','CAS','CAS','No',NULL,'False','SC','Teaching','False'),(120,1,1,'A','Veterinary College, Gadag',5,NULL,60,'2012-08-11 00:00:00',NULL,NULL,NULL,'Dr. Dhanalakshmi S','7C1',NULL,'No',NULL,NULL,NULL,NULL,NULL,'Promotion','Promotion','Assistant  Professor 1,','CAS','CAS','No',NULL,'False','GM','Teaching','False'),(121,1,1,'A','Veterinary College, Hassan',4,NULL,62,'2009-11-27 00:00:00',NULL,'2023-09-16 00:00:00',NULL,'Dr. Pralhad','10B',NULL,'Yes',NULL,NULL,NULL,NULL,NULL,'Promotion','Promotion','Associate  Professor 1,','CAS','CAS','No',NULL,'False','Cat-1','Teaching','False'),(122,1,1,'A','Veterinary College, Gadag',5,NULL,60,'2009-03-18 00:00:00',NULL,NULL,NULL,'Dr. Patel Suresh Reavanna','7C2',NULL,'No',NULL,NULL,NULL,NULL,NULL,'Promotion','Promotion','Assistant  Professor 2,','CAS','CAS','No',NULL,'False','SC','Teaching','False'),(123,1,1,'A','Veterinary College, Gadag',5,NULL,60,'2011-12-07 00:00:00',NULL,NULL,NULL,'Dr. Narasimha Murthy','7C3',NULL,'No',NULL,NULL,NULL,NULL,NULL,'Promotion','Promotion','Assistant  Professor 3,','CAS','CAS','No',NULL,'False','SC','Teaching','False'),(124,1,1,'A','Veterinary College, Hassan',4,NULL,62,'2012-09-10 00:00:00',NULL,NULL,NULL,'Dr. P Sheela','10C1',NULL,'No',NULL,NULL,NULL,NULL,NULL,'Promotion','Promotion','Assistant  Professor 1,','CAS','CAS','No',NULL,'False','GM','Teaching','False'),(125,1,1,'A','Veterinary College, Gadag',5,NULL,60,'2011-12-09 00:00:00',NULL,NULL,NULL,'Dr. Mahesh S Akashi','7C4',NULL,'No',NULL,NULL,NULL,NULL,NULL,'Promotion','Promotion','Assistant  Professor 4,','CAS','CAS','No',NULL,'False','SC','Teaching','False'),(126,1,1,'A','Veterinary College, Gadag',5,NULL,60,'2019-02-15 00:00:00',NULL,NULL,NULL,'Dr. Panchasheela','7C5',NULL,'No',NULL,NULL,NULL,NULL,NULL,'Promotion','Promotion','Assistant  Professor 5,','CAS','CAS','No',NULL,'False','SC','Teaching','False'),(127,1,1,'A','Veterinary College, Hassan',4,NULL,63,'2012-07-19 00:00:00',NULL,NULL,NULL,'Dr. Subraya Prabhu','11C1',NULL,'No',NULL,NULL,NULL,NULL,NULL,'Promotion','Promotion','Assistant  Professor 1,','CAS','CAS','No',NULL,'False','GM','Teaching','False'),(128,1,1,'A','Veterinary College, Gadag',5,NULL,61,'2012-08-09 00:00:00',NULL,NULL,NULL,'Dr. Pradeep B S','8C1',NULL,'No',NULL,NULL,NULL,NULL,NULL,'Promotion','Promotion','Assistant  Professor 1,','CAS','CAS','No',NULL,'False','3B','Teaching','False'),(129,1,1,'A','Veterinary College, Gadag',5,NULL,64,'2012-08-10 00:00:00',NULL,NULL,NULL,'Dr. Shashidhar Ballari','9C1',NULL,'No',NULL,NULL,NULL,NULL,NULL,'Promotion','Promotion','Assistant  Professor 1,','CAS','CAS','No',NULL,'False','GM','Teaching','False'),(130,2,1,'A','Veterinary College, Hassan',4,NULL,67,'2007-07-23 00:00:00',NULL,'2007-07-23 00:00:00',NULL,'Dr. Ravikumar C','13B',NULL,'No',NULL,NULL,NULL,NULL,NULL,'Promotion','Promotion','Associate  Professor 1,','CAS','CAS','No',NULL,'True','SC','Teaching','False'),(131,1,1,'A','Veterinary College, Gadag',5,NULL,65,'2007-01-11 00:00:00','2018-01-20 00:00:00',NULL,NULL,'Dr. B M Veeregowda','10A',NULL,'No',NULL,NULL,NULL,NULL,NULL,'Promotion','Promotion','Professor 1,','CAS','CAS','No',NULL,'False','GM','Teaching','False'),(132,1,1,'A','Veterinary College, Gadag',5,NULL,65,'2012-01-04 00:00:00',NULL,NULL,NULL,'Dr. Rashmi L','10C1',NULL,'No',NULL,NULL,NULL,NULL,NULL,'Promotion','Promotion','Assistant  Professor 1,','CAS','CAS','No',NULL,'False','ST','Teaching','False'),(133,1,1,'A','Veterinary College, Hassan',4,NULL,67,'2023-08-21 00:00:00',NULL,NULL,NULL,'Dr. Abdul Sadam','13C2',NULL,'Yes',NULL,NULL,NULL,NULL,NULL,'Promotion','Promotion','Assistant  Professor 1,','CAS','CAS','No',NULL,'False','2B','Teaching','False'),(134,1,1,'A','Veterinary College, Hassan',4,NULL,68,'2012-09-04 00:00:00',NULL,'2020-09-04 00:00:00',NULL,'Dr.Nagappa Karabasanavar','14B',NULL,'No',NULL,NULL,NULL,NULL,NULL,'Promotion','Promotion','Associate  Professor 1,','CAS','CAS','No',NULL,'False','GM','Teaching','False'),(135,1,1,'A','Veterinary College, Gadag',5,NULL,77,'2007-01-05 00:00:00',NULL,NULL,NULL,'Dr. B M Ravindranath','17C1',NULL,'No',NULL,NULL,NULL,NULL,NULL,'Promotion','Promotion','Assistant  Professor 1,','CAS','CAS','No',NULL,'False','GM','Teaching','False'),(136,1,1,'A','Veterinary College, Gadag',5,NULL,73,'2012-07-17 00:00:00',NULL,NULL,NULL,'Dr. Vinay P Tikare','13C1',NULL,'No',NULL,NULL,NULL,NULL,NULL,'Promotion','Promotion','Assistant  Professor 1,','CAS','CAS','No',NULL,'False','2A','Teaching','False'),(137,1,1,'A','Veterinary College, Hassan',4,NULL,68,'2012-08-10 00:00:00',NULL,NULL,NULL,'Dr.Satheesha S.P','14C1',NULL,'No',NULL,NULL,NULL,NULL,NULL,'Promotion','Promotion','Assistant  Professor 1,','CAS','CAS','No',NULL,'False','GM','Teaching','False'),(138,1,1,'A','Veterinary College, Gadag',5,NULL,75,'2007-04-07 00:00:00',NULL,NULL,NULL,'Dr. B Jaganath Rao','15C1',NULL,'No',NULL,NULL,NULL,NULL,NULL,'Promotion','Promotion','Assistant  Professor 1,','CAS','CAS','No',NULL,'False','GM','Teaching','False'),(139,1,1,'A','Veterinary College, Hassan',4,NULL,69,'2006-12-05 00:00:00','2019-02-28 00:00:00',NULL,NULL,'Dr.Devaraja Naika H.','15A',NULL,'No',NULL,NULL,NULL,NULL,NULL,'Promotion','Promotion','Professor 1,','CAS','CAS','No',NULL,'False','SC','Teaching','False'),(140,1,1,'A','Veterinary College, Gadag',5,NULL,76,'2007-01-17 00:00:00',NULL,'2019-01-17 00:00:00',NULL,'Dr. Shivakumar K Radddar','16B',NULL,'No',NULL,NULL,NULL,NULL,NULL,'Promotion','Promotion','Associate  Professor 1,','CAS','CAS','No',NULL,'False','GM','Teaching','False'),(141,1,1,'A','Veterinary College, Hassan',4,NULL,70,'2012-09-11 00:00:00',NULL,NULL,NULL,'Dr.Sushanth Handage','16C2',NULL,'No',NULL,NULL,NULL,NULL,NULL,'Promotion','Promotion','Assistant  Professor 1,','CAS','CAS','No',NULL,'False','GM','Teaching','False'),(142,1,1,'A','Veterinary College, Gadag',5,NULL,79,'2011-06-07 00:00:00','2018-09-15 00:00:00',NULL,NULL,'Dr. M Shivakumar','19A',NULL,'No',NULL,NULL,NULL,NULL,NULL,'Promotion','Promotion','Professor 1,','CAS','CAS','No',NULL,'False','SC','Teaching','False'),(143,1,1,'A','Veterinary College, Gadag',5,NULL,79,'2007-01-11 00:00:00',NULL,NULL,NULL,'Dr. Santosh Sarangamath','19C1',NULL,'No',NULL,NULL,NULL,NULL,NULL,'Promotion','Promotion','Assistant  Professor 1,','CAS','CAS','No',NULL,'False','GM','Teaching','False'),(144,1,1,'A','Veterinary College, Gadag',5,NULL,78,'2011-06-02 00:00:00','2019-01-18 00:00:00',NULL,NULL,'Dr. Suresh L','18A',NULL,'No',NULL,NULL,NULL,NULL,NULL,'Promotion','Promotion','Professor 1,','CAS','CAS','No',NULL,'False','SC','Teaching','False'),(145,1,1,'A','Veterinary College, Gadag',5,NULL,78,'2012-08-10 00:00:00',NULL,NULL,NULL,'Dr. Doddamani Jahingir Basha','18C1',NULL,'No',NULL,NULL,NULL,NULL,NULL,'Promotion','Promotion','Assistant  Professor 1,','CAS','CAS','No',NULL,'False','2B','Teaching','False'),(146,1,1,'A','Veterinary College, Hassan',4,NULL,80,'2007-07-24 00:00:00',NULL,NULL,NULL,'Dr. Ravikumar B. P','17B1',NULL,'No',NULL,NULL,NULL,NULL,NULL,'Promotion','Promotion','Associate  Professor 1,','CAS','CAS','No',NULL,'False','SC','Teaching','False'),(147,1,1,'A','Veterinary College, Hassan',4,NULL,80,'2012-09-11 00:00:00',NULL,NULL,NULL,'Dr. A.J Shankaregowda','17C2',NULL,'No',NULL,NULL,NULL,NULL,NULL,'Promotion','Promotion','Assistant  Professor 1,','CAS','CAS','No',NULL,'False','3A','Teaching','False'),(148,1,1,'A','Veterinary College, Hassan',4,NULL,81,'2012-09-07 00:00:00',NULL,NULL,NULL,'Dr. Nagaraju N','18C3',NULL,'No',NULL,NULL,NULL,NULL,NULL,'Promotion','Promotion','Assistant  Professor 1,','CAS','CAS','No',NULL,'False','GM','Teaching','False'),(149,1,1,'A','Veterinary College, Hassan',4,NULL,82,'2011-06-07 00:00:00','2018-09-15 00:00:00','2018-09-15 00:00:00',NULL,'Dr. M Shivakumar','19A',NULL,'No',NULL,NULL,NULL,NULL,NULL,'Promotion','Promotion','Professor 1,','CAS','CAS','No',NULL,'False','SC','Teaching','False'),(150,1,1,'A','Veterinary College, Hassan',4,NULL,82,'2012-08-10 00:00:00',NULL,NULL,NULL,'Dr. Shiva Kumar.V','19C1',NULL,'No',NULL,NULL,NULL,NULL,NULL,'Promotion','Promotion','Assistant  Professor 1,','CAS','CAS','No',NULL,'False','GM','Teaching','False'),(151,3,1,'A','test',6,NULL,83,'2025-03-12 00:00:00',NULL,NULL,NULL,'test2','123',NULL,'No',NULL,NULL,NULL,NULL,NULL,'Promotion','Promotion','Assistant  Professor 1,','CAS','CAS','No',NULL,'False','GM','Teaching','False'),(152,2,2,'A','JK TESTING',8,NULL,85,'1987-03-24 00:00:00',NULL,NULL,NULL,'Dr. Manju G.U ANN','1A',NULL,'No',NULL,NULL,NULL,NULL,NULL,'Promotion','Promotion','Assistant  Professor 1,','CAS','CAS','No',NULL,'False','SC','Teaching','False'),(153,1,1,'A','Veterinary College Shivamogga',2,NULL,86,'2012-07-26 00:00:00',NULL,NULL,NULL,'Dr. Venkatesh M.M.','12C1',NULL,'No',NULL,NULL,NULL,NULL,NULL,'Promotion','Promotion','Assistant  Professor 1,','CAS','CAS','No',NULL,'False','SC','Teaching','False'),(154,3,2,'A','JK TESTING',8,NULL,85,'2023-08-21 00:00:00',NULL,NULL,NULL,'AJAY','1A','KKK','No',NULL,NULL,NULL,NULL,NULL,'Promotion','Promotion','Assistant  Professor 1,','CAS','CAS','No',NULL,'False','GM','Teaching','True'),(155,1,1,'A','Veterinary College, Hebbal, Bengaluru',10,NULL,88,'2006-12-01 00:00:00',NULL,'2019-02-28 00:00:00',NULL,'Dr.  Ganganaik.S','1A',NULL,'No',NULL,NULL,NULL,NULL,NULL,'Promotion','Promotion','Professor 1,','CAS','CAS','No','01/12/2011  ( AGP - 7000) -CAS\r\n01/12/2016 (  AGP -8000 ) -CAS','False','GM','Teaching','False'),(156,2,1,'A','Veterinary College, Hebbal, Bengaluru',10,NULL,89,'1991-02-02 00:00:00','2007-06-28 00:00:00','2005-09-25 00:00:00',NULL,'Dr. M. Narayana Swamy','2A',NULL,'No',NULL,NULL,NULL,NULL,NULL,'Promotion','Promotion','Professor 1,','Direct','CAS','No','Asst. prof. 10/07/1998 - TBP\r\n Asst. prof.(SS) - 14/01/2000 - CAS Asst. prof. (SG) - 02/02/2002 -CAS Sr. Professor - 16/03/2019 -CAS','False','GM','Teaching','False'),(157,1,1,'A','Dairy Science College, Kalaburagi',12,NULL,108,'2019-05-31 00:00:00',NULL,NULL,'67550-104600','Dr. Shashikumar. C S','1C',NULL,'No',NULL,NULL,NULL,NULL,NULL,'Promotion','Promotion','Assistant  Professor 1,','CAS','CAS','No',NULL,'False','3A','Teaching','False'),(158,2,1,'A','Veterinary College, Hebbal, Bengaluru',10,NULL,89,'2011-06-13 00:00:00',NULL,'2023-11-06 00:00:00',NULL,'Dr. Veena . M. P','2B1',NULL,'No',NULL,NULL,NULL,NULL,NULL,'Promotion','Promotion','Associate  Professor 1,','CAS','Direct','No','13/06/2011(AGP-6000)-Direct\r\n13/06/2016(AGP-7000)-CAS\r\n13/06/2021(AGP-8000)-CAS','False','GM','Teaching','False'),(159,1,1,'A','Dairy Science College, Kalaburagi',12,NULL,111,'2011-06-02 00:00:00',NULL,NULL,'67550-104600','Dr. Devaraju.R','2C',NULL,'No',NULL,NULL,NULL,NULL,NULL,'Promotion','Promotion','Assistant  Professor 1,','CAS','CAS','No','After Ph.D Joined DSCK on 21/12/2020','False','ST','Teaching','False'),(160,2,1,'A','Dairy Science College, Kalaburagi',12,NULL,111,'2023-07-14 00:00:00',NULL,NULL,NULL,'Dr. Adarsh M.Kalla','2C1',NULL,'No',NULL,NULL,NULL,NULL,NULL,'Promotion','Promotion','Assistant  Professor 1,','CAS','CAS','No','Appointed as Assistant Professor and joined to DSCK on 14/07/2023','False','3B','Teaching','False'),(161,1,1,'A','Veterinary College, Hebbal, Bengaluru',10,NULL,89,'2007-04-05 00:00:00','2023-04-05 00:00:00','2020-04-05 00:00:00',NULL,'Dr. Gurubasayya P kalmath','2C1',NULL,'No',NULL,NULL,NULL,NULL,NULL,'Promotion','Promotion','Assistant  Professor 1,','CAS','CAS','No','(AGP 7000) - CAS  05/04/2012\r\n(AGP 8000) - CAS 05/04/2017','False','GM','Teaching','False'),(162,2,1,'A','Dairy Science College, Kalaburagi',12,NULL,124,'2023-07-07 00:00:00',NULL,NULL,'52650-97100','Ms. Basavabharati','4C',NULL,'No',NULL,NULL,NULL,NULL,NULL,'Promotion','Promotion','Assistant  Professor 1,','CAS','CAS','No','Appointed as Assistant Professor and joined to DSCK on 07/07/2023','False','3B','Teaching','False'),(163,1,1,'A','College of Fisheries, Mangaluru',13,NULL,109,'2023-08-10 00:00:00',NULL,NULL,'131400-217100(UGC)','Dr. Honnananda B.R.','1B',NULL,'No',NULL,NULL,NULL,NULL,NULL,'Promotion','Promotion','Associate  Professor 1,','CAS','CAS','No',NULL,'False','GM','Teaching','False'),(164,1,1,'A','College of Fisheries, Mangaluru',13,NULL,110,'2006-12-28 00:00:00','2021-12-27 00:00:00','2008-12-27 00:00:00','57700-182400(OPG)','Dr. Mridula Rajesh','2C1',NULL,'No',NULL,NULL,NULL,NULL,NULL,'Promotion','Promotion','Assistant  Professor 1,','CAS','CAS','No',NULL,'False','Cat-1','Teaching','False'),(165,1,1,'A','College of Fisheries, Mangaluru',13,NULL,110,'2012-07-13 00:00:00',NULL,NULL,'57700-182400(UGC)','Dr. Kumar Naik A.S','2C2',NULL,'No',NULL,NULL,NULL,NULL,NULL,'Promotion','Promotion','Assistant  Professor 1,','CAS','CAS','No',NULL,'False','SC','Teaching','False'),(166,2,1,'A','Dairy Science College, Kalaburagi',12,NULL,124,'2023-07-25 00:00:00',NULL,NULL,'52650-97100','Mr. Akshaykumar','4C2',NULL,'No',NULL,NULL,NULL,NULL,NULL,'Promotion','Promotion','Assistant  Professor 1,','CAS','CAS','No','Appointed as Assistant Professor and joined to DSCK on 25/07/2023','False','SC','Teaching','False'),(167,1,1,'A','Veterinary College, Hebbal, Bengaluru',10,NULL,89,'2006-12-27 00:00:00','2021-12-27 00:00:00','2018-12-27 00:00:00',NULL,'Dr. A. M. Kotresh','2C2',NULL,'No',NULL,NULL,NULL,NULL,NULL,'Promotion','Promotion','Assistant  Professor 1,','CAS','CAS','No','27/12/200\r\n(AGP 6000) - Direct\r\n27/12/2010\r\n(AGP 7000) - CAS\r\n27/12/ 2015\r\n(AGP 8000) - CAS\r\nWorking at VBC Dept.','False','GM','Teaching','False'),(168,1,1,'A','Veterinary College, Hebbal, Bengaluru',10,NULL,89,'2012-09-08 00:00:00',NULL,NULL,NULL,'Dr. Ramesh H.S','2C3',NULL,'No',NULL,NULL,NULL,NULL,NULL,'Promotion','Promotion','Associate  Professor 1,','CAS','CAS','No','08/09/2012 ( AGP 6000) - Direct\r\n08/09/2017 ( AGP 7000) -CAS\r\n08/09/2022 ( AGP 8000) -CAS\r\nWorking at VBC Dept.','False','GM','Teaching','False'),(169,1,1,'A','College of Fisheries, Mangaluru',13,NULL,110,'1995-02-16 00:00:00','2015-10-17 00:00:00','2012-02-16 00:00:00',NULL,'Dr. H.N. Anjanayappa','1A',NULL,'No',NULL,NULL,NULL,NULL,NULL,'Promotion','Promotion','Dean,','CAS','CAS','No',NULL,'False','ST','Teaching','False'),(170,1,1,'A','College of Fisheries, Mangaluru',13,NULL,110,'1995-06-06 00:00:00','2015-10-17 00:00:00','2012-06-06 00:00:00',NULL,'Dr. S.R.Somashekar','2B2',NULL,'No',NULL,NULL,NULL,NULL,NULL,'Promotion','Promotion','Dean,','CAS','CAS','No',NULL,'False','ST','Teaching','False'),(171,1,1,'A','College of Fisheries, Mangaluru',13,NULL,112,'2012-01-04 00:00:00',NULL,NULL,'144200-218200(UGC)','Dr. Shivakumar M.','3A',NULL,'No',NULL,NULL,NULL,NULL,NULL,'Promotion','Promotion','Professor 1,','CAS','CAS','No',NULL,'False','SC','Teaching','False'),(172,1,1,'A','Dairy Science College, Bengaluru',11,NULL,126,'2011-06-03 00:00:00',NULL,NULL,'37900-70850','Dr. Praveen A R','1C',NULL,'No',NULL,NULL,NULL,NULL,NULL,'Promotion','Promotion','Assistant  Professor 1,','CAS','CAS','No','PRESEN WORKING PLACE DATE FROM 13/06/2014','False','ST','Teaching','False'),(173,1,1,'A','College of Fisheries, Mangaluru',13,NULL,112,'2007-07-02 00:00:00','2021-09-16 00:00:00','2015-05-01 00:00:00','131400-217100(UGC)','Dr. Lakshmipathi M.T','3B1',NULL,'No',NULL,NULL,NULL,NULL,NULL,'Promotion','Promotion','Associate  Professor 1,','CAS','CAS','No',NULL,'False','SC','Teaching','False'),(174,1,1,'A','Dairy Science College, Bengaluru',11,NULL,126,'2011-11-17 00:00:00',NULL,NULL,'37900-70850','Dr. Harini Venugopal','1A1',NULL,'No',NULL,NULL,NULL,NULL,NULL,'Promotion','Promotion','Assistant  Professor 1,','CAS','CAS','No',NULL,'False','SC','Teaching','False'),(175,1,1,'A','College of Fisheries, Mangaluru',13,NULL,112,'2007-07-12 00:00:00','2021-09-16 00:00:00','2015-05-01 00:00:00','131400-217100(UGC)','Dr. A.T. Ramachandra Naik','3b2',NULL,'No',NULL,NULL,NULL,NULL,NULL,'Promotion','Promotion','Associate  Professor 2,','CAS','CAS','No',NULL,'False','SC','Teaching','False'),(176,1,1,'A','College of Fisheries, Mangaluru',13,NULL,112,'2018-11-16 00:00:00',NULL,NULL,'57700-182400(OPG)','Dr. T.S. Annappaswamy','3C1',NULL,'No',NULL,NULL,NULL,NULL,NULL,'Promotion','Promotion','Assistant  Professor 1,','CAS','CAS','No','Notional benefit from 04/05/2013','False','2A','Teaching','False'),(177,1,1,'A','College of Fisheries, Mangaluru',13,NULL,113,'2013-08-01 00:00:00',NULL,NULL,'57700-182400(OPG)','Dr. T. Suresh','3C2',NULL,'No',NULL,NULL,NULL,NULL,NULL,'Promotion','Promotion','Assistant  Professor 2,','CAS','CAS','No',NULL,'False','SC','Teaching','False'),(178,1,1,'A','College of Fisheries, Mangaluru',13,NULL,113,'2024-09-23 00:00:00',NULL,NULL,'57700-182400(OPG)','Dr. Rathod Kumara','3C3',NULL,'No',NULL,NULL,NULL,NULL,NULL,'Promotion','Promotion','Assistant  Professor 3,','CAS','CAS','No',NULL,'False','SC','Teaching','False'),(179,2,1,'A','College of Fisheries, Mangaluru',13,NULL,115,'2008-12-05 00:00:00','2019-02-15 00:00:00','2017-05-11 00:00:00','131400-217100(UGC)','Dr. B. Manjanaik','4B',NULL,'No',NULL,NULL,NULL,NULL,NULL,'Promotion','Promotion','Associate  Professor 1,','CAS','CAS','No',NULL,'False','SC','Teaching','False'),(180,1,1,'A','College of Fisheries, Mangaluru',13,NULL,115,'1995-02-20 00:00:00','2015-10-21 00:00:00','2013-03-01 00:00:00',NULL,'Dr. Ganapathi Naik M.','6c1',NULL,'No',NULL,NULL,NULL,NULL,NULL,'Promotion','Promotion','Dean,','CAS','CAS','No','Promoted to Sr. Professor on 01/03/2023','False','ST','Teaching','False'),(181,1,1,'A','Dairy Science College, Bengaluru',11,NULL,126,'1995-02-15 00:00:00',NULL,NULL,'37900-70850','Dr. H. Arunkumar','1D',NULL,'No',NULL,NULL,NULL,NULL,NULL,'Promotion','Promotion','Dean,','CAS','CAS','No',NULL,'False','ST','Teaching','False'),(182,1,1,'A','College of Fisheries, Mangaluru',13,NULL,116,'2014-03-10 00:00:00',NULL,NULL,'57700-182400(OPG)','Sri. L.Ganesh Prasad','7c1',NULL,'No',NULL,NULL,NULL,NULL,NULL,'Promotion','Promotion','Assistant  Professor 1,','CAS','CAS','No',NULL,'False','SC','Teaching','False'),(183,1,1,'A','Dairy Science College, Bengaluru',11,NULL,126,'2015-02-17 00:00:00',NULL,NULL,'37900-70850','Dr. M. Venkatesh','1D1',NULL,'No',NULL,NULL,NULL,NULL,NULL,'Promotion','Promotion','Dean,','CAS','CAS','No',NULL,'False','SC','Teaching','False'),(184,1,1,'A','College of Fisheries, Mangaluru',13,NULL,116,'2011-06-02 00:00:00',NULL,NULL,'57700-182400(OPG)','Dr. Jaya Naik','7c2',NULL,'No',NULL,NULL,NULL,NULL,NULL,'Promotion','Promotion','Assistant  Professor 2,','CAS','CAS','No',NULL,'False','SC','Teaching','False'),(185,1,1,'A','College of Fisheries, Mangaluru',13,NULL,116,'2012-07-18 00:00:00',NULL,NULL,'57700-182400(OPG)','Dr. Vijay S.Atnur','7c3',NULL,'No',NULL,NULL,NULL,NULL,NULL,'Promotion','Promotion','Assistant  Professor 3,','CAS','CAS','No',NULL,'False','2A','Teaching','False'),(186,1,1,'A','Dairy Science College, Bengaluru',11,NULL,127,'2014-03-05 00:00:00',NULL,NULL,'37900-70850','Dr. M. Rajanna','1B',NULL,'No',NULL,NULL,NULL,NULL,NULL,'Promotion','Promotion','Associate  Professor 1,','CAS','CAS','No',NULL,'False','SC','Teaching','False'),(187,1,1,'A','College of Fisheries, Mangaluru',13,NULL,116,'1995-02-25 00:00:00','2014-10-16 00:00:00','2012-02-25 00:00:00',NULL,'Dr. S. Varadaraju','7d1',NULL,'No',NULL,NULL,NULL,NULL,NULL,'Promotion','Promotion','Dean,','CAS','CAS','No',NULL,'False','SC','Teaching','False'),(188,1,1,'A','College of Fisheries, Mangaluru',13,NULL,116,'1995-03-25 00:00:00','2014-10-16 00:00:00','2014-01-01 00:00:00',NULL,'Shri Shashidhar H Badami','7d2',NULL,'No',NULL,NULL,NULL,NULL,NULL,'Promotion','Promotion','Dean,','CAS','CAS','No',NULL,'False','SC','Teaching','False'),(189,1,1,'A','College of Fisheries, Mangaluru',13,NULL,117,'2012-07-16 00:00:00',NULL,'2017-07-16 00:00:00','57700-182400(OPG)','Shri Manoj Kumar','8a',NULL,'No',NULL,NULL,NULL,NULL,NULL,'Promotion','Promotion','Assistant  Professor 1,','CAS','CAS','No',NULL,'False','2A','Teaching','False'),(190,1,1,'A','Dairy Science College, Bengaluru',11,NULL,127,'2012-07-20 00:00:00',NULL,NULL,'15600-39100','Dr. Pushpa .B.P','2C',NULL,'No',NULL,NULL,NULL,NULL,NULL,'Promotion','Promotion','Assistant  Professor 1,','CAS','CAS','No',NULL,'False','3A','Teaching','False'),(191,1,1,'A','Dairy Science College, Bengaluru',11,NULL,127,'2011-11-18 00:00:00',NULL,NULL,'15600-39100','Dr.Shilpashree B. G','2C1',NULL,'No',NULL,NULL,NULL,NULL,NULL,'Promotion','Promotion','Assistant  Professor 1,','CAS','CAS','No',NULL,'False','SC','Teaching','False'),(192,1,1,'A','Veterinary College, Hebbal, Bengaluru',10,NULL,89,'2023-10-20 00:00:00',NULL,NULL,NULL,'Dr. Kavya. V','2C4',NULL,'No',NULL,NULL,NULL,NULL,NULL,'Promotion','Promotion','Assistant  Professor 1,','CAS','CAS','No','20/10/2023 (AGP  6000) - Direct\r\nworking VBC Dept.','False','GM','Teaching','False'),(193,1,1,'A','Veterinary College, Hebbal, Bengaluru',10,NULL,90,'1998-12-14 00:00:00','2013-12-14 00:00:00','2010-12-14 00:00:00',NULL,'Dr. T.M.Prabhu','3C1',NULL,'No',NULL,NULL,NULL,NULL,NULL,'Promotion','Promotion','Assistant  Professor 1,','CAS','CAS','No','14/12/1998  - Direct Asst. Prof. (SS)\r\n14/12/2002 -CAS\r\n14/12/2007 AGP - 8000 - CAS','False','GM','Teaching','False'),(194,1,1,'A','Veterinary College, Hebbal, Bengaluru',10,NULL,90,'2012-08-09 00:00:00',NULL,NULL,NULL,'Dr. Madhusudhan. H.S','3C2',NULL,'No',NULL,NULL,NULL,NULL,NULL,'Promotion','Promotion','Assistant  Professor 1,','CAS','CAS','No','09/08/2012 \r\n(AGP - 6000) Direct \r\n09/08/2026 \r\n(AGP - 7000)- CAS','False','GM','Teaching','False'),(195,1,1,'A','Veterinary College, Hebbal, Bengaluru',10,NULL,91,'1995-02-15 00:00:00','2009-03-05 00:00:00','2007-01-01 00:00:00',NULL,'Dr. R. Nagaraja','4A',NULL,'No',NULL,NULL,NULL,NULL,NULL,'Promotion','Promotion','Professor 1,','CAS','CAS','No','Instructor  15/02/1995\r\nAsst . Prof. - 15/02/2000 TBP\r\nAsst. Prof. (SS) 01/01/2006 CAS\r\n05/03/2009 Direct \r\nSr. Professor \r\n16/03/2019 - CAS','False','GM','Teaching','False'),(196,1,1,'A','Veterinary College, Hebbal, Bengaluru',10,NULL,91,'2007-01-11 00:00:00','2023-01-11 00:00:00','2020-01-11 00:00:00',NULL,'Dr. R. Jayashree','4B',NULL,'No',NULL,NULL,NULL,NULL,NULL,'Promotion','Promotion','Assistant  Professor 1,','CAS','CAS','No','11/01/207\r\n(AGP - 6000) Direct\r\n11/01/2012\r\n(AGP - 7000) - CAS\r\n11/01/2017\r\n(AGP -8000) - CAS','False','GM','Teaching','False'),(197,1,1,'A','Dairy Science College, Bengaluru',11,NULL,128,'2023-01-16 00:00:00',NULL,'2023-01-16 00:00:00','15600-39100','Dr. G Mahesh Kumar','4C1',NULL,'No',NULL,NULL,NULL,NULL,NULL,'Promotion','Promotion','Assistant  Professor 1,','CAS','CAS','No',NULL,'False','3B','Teaching','False'),(198,1,1,'A','Dairy Science College, Bengaluru',11,NULL,128,'2011-11-16 00:00:00',NULL,NULL,'15600-39100','Dr. Rajunaik. B.','4C2',NULL,'No',NULL,NULL,NULL,NULL,NULL,'Promotion','Promotion','Assistant  Professor 1,','CAS','CAS','No',NULL,'False','SC','Teaching','False'),(199,1,1,'A','Veterinary College, Hebbal, Bengaluru',10,NULL,91,'2012-07-28 00:00:00',NULL,NULL,NULL,'Dr. Yathish. H.M','4C2',NULL,'No',NULL,NULL,NULL,NULL,NULL,'Promotion','Promotion','Assistant  Professor 1,','CAS','CAS','No','28/07/2012 \r\n(AGP -6000) -Direct\r\n22/06/2017\r\n(AGP - 7000) -CAS\r\n22/06/2022\r\n(AGP - 8000) -CAS','False','GM','Teaching','False'),(200,1,1,'A','Dairy Science College, Bengaluru',11,NULL,129,'2006-11-10 00:00:00',NULL,'2022-11-10 00:00:00','15600-39100','Dr. Ramachandra. B','5C1',NULL,'No',NULL,NULL,NULL,NULL,NULL,'Promotion','Promotion','Assistant  Professor 1,','CAS','CAS','No',NULL,'False','ST','Teaching','False'),(201,1,1,'A','Dairy Science College, Bengaluru',11,NULL,129,'2014-03-10 00:00:00',NULL,NULL,'15600-39100','Dr. Malashree. L','5C2',NULL,'No',NULL,NULL,NULL,NULL,NULL,'Promotion','Promotion','Assistant  Professor 2,','CAS','CAS','No',NULL,'False','SC','Teaching','False'),(202,1,1,'A','Veterinary College, Hebbal, Bengaluru',10,NULL,92,'2006-12-20 00:00:00','2021-12-20 00:00:00','2018-12-20 00:00:00',NULL,'Dr. S.B. Prasanna','5B',NULL,'No',NULL,NULL,NULL,NULL,NULL,'Promotion','Promotion','Associate  Professor 1,','CAS','CAS','No','20/12/2006\r\n(AGP - 6000) - Direct\r\n20/12/2010\r\n(AGP - 7000) - CAS\r\n20/12/2015\r\n(AGP - 8000) -CAS','False','GM','Teaching','False'),(203,1,1,'A','Dairy Science College, Bengaluru',11,NULL,130,'2012-07-23 00:00:00',NULL,NULL,'15600-39100','Dr. K.B. Vedamurthy','6C1',NULL,'No',NULL,NULL,NULL,NULL,NULL,'Promotion','Promotion','Assistant  Professor 1,','CAS','CAS','No',NULL,'False','3B','Teaching','False'),(204,1,1,'A','Dairy Science College, Bengaluru',11,NULL,130,'2019-01-21 00:00:00',NULL,NULL,'15600-39100','Dr. Nagaraju. Y','6C2',NULL,'No',NULL,NULL,NULL,NULL,NULL,'Promotion','Promotion','Assistant  Professor 2,','CAS','CAS','No',NULL,'False','SC','Teaching','False'),(205,1,1,'A','Dairy Science College, Bengaluru',11,NULL,130,'1995-02-09 00:00:00','2011-12-01 00:00:00',NULL,'36000-67550','Dr. A. Sachindrababu','6C3',NULL,'No',NULL,NULL,NULL,NULL,NULL,'Promotion','Promotion','Dean,','CAS','CAS','No',NULL,'False','SC','Teaching','False'),(206,1,1,'A','Dairy Science College, Bengaluru',11,NULL,131,'2014-03-07 00:00:00',NULL,NULL,'15600-39100','Dr. Basavarajaiah. D.M','7C1',NULL,'No',NULL,NULL,NULL,NULL,NULL,'Promotion','Promotion','Assistant  Professor 1,','CAS','CAS','No',NULL,'False','SC','Teaching','False'),(207,2,1,'A','Veterinary College, Hebbal, Bengaluru',10,NULL,91,'2007-01-17 00:00:00','2023-01-17 00:00:00','2020-01-17 00:00:00',NULL,'Dr.  V. Malathi','5c2',NULL,'No',NULL,NULL,NULL,NULL,NULL,'Promotion','Promotion','Assistant  Professor 1,','CAS','CAS','No','17/ 01/2007 (AGP - 6000) - Direct\r\n17/01/2012 (AGP - 7000) - CAS\r\n17/01/2017 (AGP -8000) -CAS','False','GM','Teaching','False'),(208,1,1,'A','Veterinary College, Hebbal, Bengaluru',10,NULL,93,'2007-01-10 00:00:00','2023-01-10 00:00:00','2020-01-10 00:00:00',NULL,'Dr. Vivek M Patil','6C1',NULL,'Yes',NULL,NULL,NULL,NULL,NULL,'Promotion','Promotion','Assistant  Professor 1,','CAS','CAS','No','10/01/2007 (AGP - 6000) Direct\r\n10/01/2012 ( AGP - 7000) CAS\r\n10/01/ 2017 ( AGP - 8000) CAS','False','GM','Teaching','False'),(209,1,1,'A','Veterinary College, Hebbal, Bengaluru',10,NULL,93,'2012-09-11 00:00:00','2022-03-01 00:00:00','2019-03-01 00:00:00',NULL,'Dr. Krishnamurthy. T. N.','6C2',NULL,'No',NULL,NULL,NULL,NULL,NULL,'Promotion','Promotion','Assistant  Professor 2,','CAS','CAS','No','11/09/2012 ( AGP - 7000) Direct \r\n01/03/2016 ( AGP - 8000) CAS\r\nWorking in PSc','False','GM','Teaching','False'),(210,1,1,'A','Veterinary College, Hebbal, Bengaluru',10,NULL,93,'2012-09-08 00:00:00',NULL,'2021-07-20 00:00:00',NULL,'Dr. Suresh. B.N.','6C3',NULL,'No',NULL,NULL,NULL,NULL,NULL,'Promotion','Promotion','Assistant  Professor 2,','CAS','CAS','No','08/09/2012 (AGP - 6000) - Direct\r\n20/07/2013 ( AGP -7000) - CAS\r\n20/07/2018 (AGP -8000) -CAS','False','GM','Teaching','False'),(211,1,1,'A','Veterinary College, Hebbal, Bengaluru',10,NULL,93,'2012-09-11 00:00:00',NULL,NULL,NULL,'Dr. Mahadevappa D Gouri','6C4',NULL,'No',NULL,NULL,NULL,NULL,NULL,'Promotion','Promotion','Assistant  Professor 4,','CAS','CAS','No','11/09/2012( AGP -6000) - Direct\r\n11/09/2016 ( AGP -7000) - CAS\r\n11/09 /2021 (AGP - 8000) - CAS','False','GM','Teaching','False'),(212,1,1,'A','Veterinary College, Hebbal, Bengaluru',10,NULL,93,'2012-09-08 00:00:00',NULL,NULL,NULL,'Dr. Umashankar. B.C','6C5',NULL,'No',NULL,NULL,NULL,NULL,NULL,'Promotion','Promotion','Assistant  Professor 5,','CAS','CAS','No','08/ 09/2012 (AGP - 6000) - Direct\r\n08/09/2016 (AGP- 7000) - CAS\r\n08/09/ 2021 (AGP - 8000) -CAS','False','GM','Teaching','False'),(213,1,1,'A','Veterinary College, Hebbal, Bengaluru',10,NULL,93,'2012-08-09 00:00:00',NULL,NULL,NULL,'Dr. H.C. Indresh','6C6',NULL,'No',NULL,NULL,NULL,NULL,NULL,'Promotion','Promotion','Assistant  Professor 6,','CAS','CAS','No','09/08/2012 (AGP - 6000) - Direct \r\n09/08/2017 (AGP - 7000)  CAS\r\n09/08/2022 ( AGP -8000) - CAS\r\nWorking in PSc','False','GM','Teaching','False'),(214,1,1,'A','Veterinary College, Hebbal, Bengaluru',10,NULL,94,'2007-01-03 00:00:00','2022-01-03 00:00:00','2019-01-03 00:00:00',NULL,'Dr. M.C.Anil Kumar','7C1',NULL,'No',NULL,NULL,NULL,NULL,NULL,'Promotion','Promotion','Assistant  Professor 1,','CAS','CAS','No','03/01/2011 (AGP-7000)-CAS \r\n03/01/2016 (AGP-8000)-CAS','False','GM','Teaching','False'),(215,1,1,'A','Veterinary College, Hebbal, Bengaluru',10,NULL,94,'2012-08-09 00:00:00',NULL,NULL,NULL,'Dr. Chetan Kumar.G.K','7C2',NULL,'No',NULL,NULL,NULL,NULL,NULL,'Promotion','Promotion','Assistant  Professor 2,','CAS','CAS','No','09/08/2012 (AGP-6000)- Direct\r\n09/08/2017 (AGP-7000)- CAS\r\n09/08/2022 (AGP-8000)- CAS\r\nWorking in Medicine','False','GM','Teaching','False'),(216,1,1,'A','Veterinary College, Hebbal, Bengaluru',10,NULL,94,'2012-08-10 00:00:00',NULL,NULL,NULL,'Dr.Kavitha.K','7C3',NULL,'No',NULL,NULL,NULL,NULL,NULL,'Promotion','Promotion','Assistant  Professor 3,','CAS','CAS','No','10/08/2012 (AGP-6000) - Direct\r\n10/08/2017 (AGP-7000) - CAS\r\n10/08/2022 (AGP-8000) - CAS','False','GM','Teaching','False'),(217,1,1,'A','Veterinary College, Hebbal, Bengaluru',10,NULL,95,'2007-03-02 00:00:00','2022-03-02 00:00:00','2019-03-02 00:00:00',NULL,'Dr. Ananda.K.J','8C1',NULL,'No',NULL,NULL,NULL,NULL,NULL,'Promotion','Promotion','Assistant  Professor 1,','CAS','CAS','No','02/03/2007 (AGP-6000)-Direct\r\n02/03/2011 (AGP-7000)-CAS\r\n02/03/2016 (AGP-8000)-CAS','False','GM','Teaching','False'),(218,1,1,'A','Veterinary College, Hebbal, Bengaluru',10,NULL,95,'2012-08-09 00:00:00',NULL,NULL,NULL,'Dr. H.Dhanalakshmi','8C2',NULL,'No',NULL,NULL,NULL,NULL,NULL,'Promotion','Promotion','Assistant  Professor 2,','CAS','CAS','No','09/08/2012 (AGP-6000)-Direct\r\n09/08/2016 (AGP-7000)-CAS\r\n09/08/2021 (AGP-8000)-CAS','False','GM','Teaching','False'),(219,1,1,'A','Veterinary College, Hebbal, Bengaluru',10,NULL,96,'2012-08-27 00:00:00',NULL,NULL,NULL,'Dr. Roopa Devi.Y.S','9C1',NULL,'No',NULL,NULL,NULL,NULL,NULL,'Promotion','Promotion','Assistant  Professor 1,','CAS','CAS','No','27/08/2012 (AGP-6000)-Direct\r\n27/08/2012 (AGP-7000)-CAS','False','GM','Teaching','False'),(220,1,1,'A','Veterinary College, Hebbal, Bengaluru',10,NULL,97,'2007-01-04 00:00:00','2018-01-20 00:00:00','2012-01-20 00:00:00',NULL,'Dr. Shrikrishna Isloor','10B',NULL,'No',NULL,NULL,NULL,NULL,NULL,'Promotion','Promotion','Associate  Professor 1,','CAS','Direct','No','04/01/2011(AGP-7000)-CAS\r\n20/01/2015(AGP-9000)-CAS','False','GM','Teaching','False'),(221,1,1,'A','Veterinary College, Hebbal, Bengaluru',10,NULL,97,'2007-01-17 00:00:00','2023-01-17 00:00:00','2020-01-17 00:00:00',NULL,'Dr. Sharada.R','10BC1',NULL,'No',NULL,NULL,NULL,NULL,NULL,'Promotion','Promotion','Assistant  Professor 1,','CAS','CAS','No','17/01/2007 (AGP-6000)-Direct\r\n17/01/2012 (AGP-7000)-CAS\r\n17/01/2017 (AGP-8000)-CAS','False','GM','Teaching','False'),(222,1,1,'A','Veterinary College, Hebbal, Bengaluru',10,NULL,100,'2012-09-07 00:00:00',NULL,NULL,NULL,'Dr. C.R.Santhosh','13C1',NULL,'No',NULL,NULL,NULL,NULL,NULL,'Promotion','Promotion','Assistant  Professor 1,','CAS','CAS','No','0709/2012(AGP-6000)-Direct\r\n0709/2016(AGP-7000)-CAS\r\n0709/2021(AGP-8000)-CAS','False','GM','Teaching','False'),(223,1,1,'A','Veterinary College, Hebbal, Bengaluru',10,NULL,100,'2011-11-16 00:00:00',NULL,NULL,NULL,'Dr. R.Rashmi','13C2',NULL,'No',NULL,NULL,NULL,NULL,NULL,'Promotion','Promotion','Assistant  Professor 2,','CAS','CAS','No','16/11/2011(AGP-6000)-Direct\r\n16/11/2016(AGP-7000)-CAS\r\n16/11/2021(AGP-8000)-CAS','False','GM','Teaching','False'),(224,2,1,'A','Veterinary College, Hebbal, Bengaluru',10,NULL,101,'2007-01-11 00:00:00','2018-01-20 00:00:00','2012-01-20 00:00:00',NULL,'Dr. B.M.Veeregowda','14B',NULL,'No',NULL,NULL,NULL,NULL,NULL,'Promotion','Promotion','Associate  Professor 1,','CAS','CAS','No','11/01/2007(AGP-6000)-Direct 11/01/2011(AGP-7000)-CAS 20/01/2012(AGP-8000)-Direct 20/01/2015(AGP-9000)-CAS \r\nWorking in Microbiology Dept.','False','GM','Teaching','False'),(225,1,1,'A','Veterinary College, Hebbal, Bengaluru',10,NULL,101,'2006-12-30 00:00:00','2022-12-30 00:00:00','2019-12-30 00:00:00',NULL,'Dr. Leeena.G','14C1',NULL,'No',NULL,NULL,NULL,NULL,NULL,'Promotion','Promotion','Assistant  Professor 1,','CAS','CAS','No','30/12/2011-(AGP-7000)-CAS\r\n30/12/2016-(AGP-8000)-CAS','False','GM','Teaching','False'),(226,1,1,'A','Veterinary College, Hebbal, Bengaluru',10,NULL,101,'2012-09-11 00:00:00',NULL,NULL,NULL,'Dr. Mohan.H.V','14C2',NULL,'No',NULL,NULL,NULL,NULL,NULL,'Promotion','Promotion','Assistant  Professor 2,','CAS','CAS','No','11/09/2016(AGP-7000)-CAS\r\n11/09/2021(AGP-8000)-CAS','False','GM','Teaching','False'),(227,1,1,'A','Veterinary College, Hebbal, Bengaluru',10,NULL,102,'2006-12-20 00:00:00','2022-12-20 00:00:00','2019-12-20 00:00:00',NULL,'Dr. Wilfred Ruden S','15C1',NULL,'No',NULL,NULL,NULL,NULL,NULL,'Promotion','Promotion','Assistant  Professor 1,','CAS','CAS','No','20/12/2006(AGP-6000)-Direct\r\n20/12/2011(AGP-7000)-CAS\r\n20/12/2016(AGP-8000)-CAS','False','GM','Teaching','False'),(228,1,1,'A','Veterinary College, Hebbal, Bengaluru',10,NULL,102,'2012-08-10 00:00:00',NULL,NULL,NULL,'Dr. Sudarshan.S','15c2',NULL,'No',NULL,NULL,NULL,NULL,NULL,'Promotion','Promotion','Assistant  Professor 2,','CAS','CAS','No','10/08/2017(AGP-7000)-CAS','False','GM','Teaching','False'),(229,1,1,'A','Veterinary College, Hebbal, Bengaluru',10,NULL,103,'2007-01-17 00:00:00','2022-01-17 00:00:00','2019-01-17 00:00:00',NULL,'Dr. Manjunatha.L','16C1',NULL,'No',NULL,NULL,NULL,NULL,NULL,'Promotion','Promotion','Assistant  Professor 1,','CAS','CAS','No','17/01/2011(AGP-7000)-CAS\r\n17/01/2016(AGP-8000)-CAS','False','GM','Teaching','False'),(230,1,1,'A','Veterinary College, Hebbal, Bengaluru',10,NULL,103,'2007-03-01 00:00:00','2022-03-01 00:00:00','2019-02-28 00:00:00',NULL,'Dr. V.Jagadeeswary','16c2',NULL,'No',NULL,NULL,NULL,NULL,NULL,'Promotion','Promotion','Assistant  Professor 2,','CAS','CAS','No','01/03/2011(AGP-7000)-CAS\r\n01/03/2016(AGP-8000)-CAS','False','GM','Teaching','False'),(231,1,1,'A','Veterinary College, Hebbal, Bengaluru',10,NULL,104,'2006-12-20 00:00:00','2021-12-20 00:00:00','2018-12-20 00:00:00',NULL,'Dr. Sudha.G','17C1',NULL,'No',NULL,NULL,NULL,NULL,NULL,'Promotion','Promotion','Assistant  Professor 1,','CAS','CAS','No','20/12/2010(AGP-7000)-CAS\r\n20/12/2015(AGP-8000)-CAS','False','GM','Teaching','False'),(232,1,1,'A','Veterinary College, Hebbal, Bengaluru',10,NULL,104,'2007-01-05 00:00:00','2023-01-01 00:00:00','2020-01-04 00:00:00',NULL,'Dr. B.M.Ravindrana','17C2',NULL,'No',NULL,NULL,NULL,NULL,NULL,'Promotion','Promotion','Assistant  Professor 2,','CAS','CAS','No','05/01/2012(AGP-7000)-CAS\r\n05/01/2017(AGP-8000)-CAS','False','GM','Teaching','False'),(233,1,1,'A','Veterinary College, Hebbal, Bengaluru',10,NULL,104,'2011-12-07 00:00:00',NULL,NULL,NULL,'Dr. Narasimha Murthy','17C3',NULL,'No',NULL,NULL,NULL,NULL,NULL,'Promotion','Promotion','Assistant  Professor 3,','CAS','CAS','No','07/12/2015(AGP-7000)-CAS\r\n07/12/2020(AGP-8000)-CAS','False','GM','Teaching','False'),(234,1,1,'A','Veterinary College, Hebbal, Bengaluru',10,NULL,105,'1996-09-23 00:00:00','2009-03-18 00:00:00','2007-10-27 00:00:00',NULL,'Dr. B.N.Nagaraja','18A',NULL,'No',NULL,NULL,NULL,NULL,NULL,'Promotion','Promotion','Professor 1,','CAS','CAS','No','Asst. Prof. (SS)-23/09/2002-CAS\r\nAsst. Prof. (SG)-23/09/2007-CAS','False','GM','Teaching','False'),(235,1,1,'A','Veterinary College, Hebbal, Bengaluru',10,NULL,105,'2009-03-16 00:00:00','2022-02-15 00:00:00','2019-02-15 00:00:00',NULL,'Dr. K.M.Srinivasa Murthy','18C1',NULL,'No',NULL,NULL,NULL,NULL,NULL,'Promotion','Promotion','Assistant  Professor 1,','CAS','CAS','No','15/01/2011(AGP-7000)-CAS\r\n15/01/2016(AGP-8000)-CAS','False','GM','Teaching','False'),(236,1,1,'A','Veterinary College, Hebbal, Bengaluru',10,NULL,105,'2012-09-11 00:00:00',NULL,NULL,NULL,'Dr. B.R.Ballappanavar','18C2',NULL,'No',NULL,NULL,NULL,NULL,NULL,'Promotion','Promotion','Assistant  Professor 2,','CAS','CAS','No','11/09/2017(AGP-7000)-CAS\r\n11/09/2022(AGP-8000)-CAS','False','GM','Teaching','False'),(237,1,1,'A','Veterinary College, Hebbal, Bengaluru',10,NULL,106,'2007-01-11 00:00:00','2023-01-11 00:00:00','2020-01-11 00:00:00',NULL,'Dr. M.A.Kshama','19C1',NULL,'No',NULL,NULL,NULL,NULL,NULL,'Promotion','Promotion','Assistant  Professor 1,','CAS','CAS','No','11/01/2012(AGP-7000)-CAS\r\n11/01/2017(AGP-8000)-CAS','False','GM','Teaching','False'),(238,1,1,'A','Veterinary College, Hebbal, Bengaluru',10,NULL,106,'2012-08-09 00:00:00',NULL,NULL,NULL,'Dr. Lathamani.V.S','19C2',NULL,'No',NULL,NULL,NULL,NULL,NULL,'Promotion','Promotion','Assistant  Professor 1,','CAS','CAS','No','09/08/2017(AGP-7000)-CAS\r\n09/08/2022(AGP-8000)-CAS','False','GM','Teaching','False'),(239,1,1,'A','Veterinary College, Hebbal, Bengaluru',10,NULL,106,'2019-02-16 00:00:00',NULL,NULL,NULL,'Dr. B.R.Pruthvishree','19C3',NULL,'No',NULL,NULL,NULL,NULL,NULL,'Promotion','Promotion','Assistant  Professor 2,','CAS','CAS','No',NULL,'False','GM','Teaching','False'),(240,1,1,'A','Veterinary College, Hebbal, Bengaluru',10,NULL,107,'2006-12-16 00:00:00','2023-01-16 00:00:00','2020-01-16 00:00:00',NULL,'Dr. Naveen Kumar.G.S','20C1',NULL,'No',NULL,NULL,NULL,NULL,NULL,'Promotion','Promotion','Assistant  Professor 1,','CAS','CAS','No','16/01/2012(AGP-7000)-CAS\r\n16/01/2017(AGP-8000)-CAS','False','GM','Teaching','False');
/*!40000 ALTER TABLE `filled_post` ENABLE KEYS */;
UNLOCK TABLES;

--
-- Table structure for table `filled_post_department`
--

DROP TABLE IF EXISTS `filled_post_department`;
/*!40101 SET @saved_cs_client     = @@character_set_client */;
/*!40101 SET character_set_client = utf8 */;
CREATE TABLE `filled_post_department` (
  `filled_post_dept_ids_id` bigint(20) DEFAULT NULL,
  `department_id` bigint(20) DEFAULT NULL,
  KEY `FK_pyqvrt0dnlrsvi08upyjaahtu` (`department_id`),
  KEY `FK_fjf3eu37ogmu35ry9bbik8bya` (`filled_post_dept_ids_id`),
  CONSTRAINT `FK_fjf3eu37ogmu35ry9bbik8bya` FOREIGN KEY (`filled_post_dept_ids_id`) REFERENCES `filled_post` (`id`),
  CONSTRAINT `FK_pyqvrt0dnlrsvi08upyjaahtu` FOREIGN KEY (`department_id`) REFERENCES `department` (`id`)
) ENGINE=InnoDB DEFAULT CHARSET=latin1;
/*!40101 SET character_set_client = @saved_cs_client */;

--
-- Dumping data for table `filled_post_department`
--

LOCK TABLES `filled_post_department` WRITE;
/*!40000 ALTER TABLE `filled_post_department` DISABLE KEYS */;
INSERT INTO `filled_post_department` VALUES (1,1),(2,1),(3,2),(4,2),(5,2),(6,2),(7,2),(8,3),(9,3),(10,4),(11,4),(12,5),(13,5),(14,6),(15,6),(16,6),(17,7),(18,7),(19,8),(20,8),(21,8),(22,9),(23,9),(24,9),(25,9),(26,10),(27,11),(28,11),(29,12),(30,10),(31,12),(32,14),(33,13),(34,14),(35,13),(36,15),(37,15),(38,16),(39,17),(40,17),(41,18),(42,18),(43,19),(44,19),(45,20),(46,16),(47,21),(48,21),(49,16),(50,21),(51,22),(52,23),(53,23),(54,24),(55,23),(56,24),(57,25),(58,25),(59,26),(60,25),(61,26),(62,25),(63,26),(64,29),(65,32),(66,32),(67,33),(68,33),(69,34),(70,35),(71,36),(72,36),(73,36),(74,37),(75,37),(76,38),(77,38),(78,35),(79,39),(80,40),(81,40),(82,40),(83,41),(84,45),(85,46),(86,42),(87,46),(88,46),(89,47),(90,42),(91,48),(92,48),(93,49),(94,43),(95,43),(96,50),(97,51),(98,44),(99,52),(100,52),(101,54),(102,55),(103,55),(104,55),(105,55),(106,56),(107,56),(108,57),(109,53),(110,57),(111,53),(112,58),(113,58),(114,53),(115,59),(116,59),(117,59),(118,59),(119,59),(120,60),(121,62),(122,60),(123,60),(124,62),(125,60),(126,60),(127,63),(128,61),(129,64),(130,67),(131,65),(132,65),(133,67),(134,68),(135,77),(136,73),(137,68),(138,75),(139,69),(140,76),(141,70),(142,79),(143,79),(144,78),(145,78),(146,80),(147,80),(148,81),(149,82),(150,82),(151,83),(152,85),(153,86),(154,87),(154,85),(155,88),(156,89),(157,108),(158,89),(159,111),(160,111),(161,89),(162,124),(163,109),(164,110),(165,110),(166,124),(167,89),(168,89),(169,110),(170,110),(171,112),(172,126),(173,112),(174,126),(175,112),(176,112),(177,113),(178,113),(179,114),(180,115),(181,126),(182,116),(183,126),(184,116),(185,116),(186,127),(187,116),(188,116),(189,117),(190,127),(191,127),(192,89),(193,90),(194,90),(195,91),(196,91),(197,128),(198,128),(199,91),(200,129),(201,129),(202,92),(203,130),(204,130),(205,130),(206,131),(207,92),(208,93),(209,93),(210,93),(211,93),(212,93),(213,93),(214,94),(215,94),(216,94),(217,95),(218,95),(219,96),(220,97),(221,97),(222,100),(223,100),(224,101),(225,101),(226,101),(227,102),(228,102),(229,103),(230,103),(231,104),(232,104),(233,104),(234,105),(235,105),(236,105),(237,106),(238,106),(239,106),(240,107);
/*!40000 ALTER TABLE `filled_post_department` ENABLE KEYS */;
UNLOCK TABLES;

--
-- Table structure for table `filled_post_documents`
--

DROP TABLE IF EXISTS `filled_post_documents`;
/*!40101 SET @saved_cs_client     = @@character_set_client */;
/*!40101 SET character_set_client = utf8 */;
CREATE TABLE `filled_post_documents` (
  `filled_post_docs_id` bigint(20) DEFAULT NULL,
  `documents_id` bigint(20) DEFAULT NULL,
  `filled_post_outwarddoc_id` bigint(20) DEFAULT NULL,
  KEY `FK_l7soh9psb2fehacqygumhdvix` (`documents_id`),
  KEY `FK_p1wk5spsl2m9bs68ph466uull` (`filled_post_docs_id`),
  KEY `FK_s0gn8wmoke49rhrwrejen2w1v` (`filled_post_outwarddoc_id`),
  CONSTRAINT `FK_l7soh9psb2fehacqygumhdvix` FOREIGN KEY (`documents_id`) REFERENCES `documents` (`id`),
  CONSTRAINT `FK_p1wk5spsl2m9bs68ph466uull` FOREIGN KEY (`filled_post_docs_id`) REFERENCES `filled_post` (`id`),
  CONSTRAINT `FK_s0gn8wmoke49rhrwrejen2w1v` FOREIGN KEY (`filled_post_outwarddoc_id`) REFERENCES `filled_post` (`id`)
) ENGINE=InnoDB DEFAULT CHARSET=latin1;
/*!40101 SET character_set_client = @saved_cs_client */;

--
-- Dumping data for table `filled_post_documents`
--

LOCK TABLES `filled_post_documents` WRITE;
/*!40000 ALTER TABLE `filled_post_documents` DISABLE KEYS */;
/*!40000 ALTER TABLE `filled_post_documents` ENABLE KEYS */;
UNLOCK TABLES;

--
-- Table structure for table `image`
--

DROP TABLE IF EXISTS `image`;
/*!40101 SET @saved_cs_client     = @@character_set_client */;
/*!40101 SET character_set_client = utf8 */;
CREATE TABLE `image` (
  `id` bigint(20) NOT NULL AUTO_INCREMENT,
  `version` bigint(20) NOT NULL,
  `image_description` varchar(255) DEFAULT NULL,
  `image_path` varchar(255) NOT NULL,
  PRIMARY KEY (`id`)
) ENGINE=InnoDB DEFAULT CHARSET=latin1;
/*!40101 SET character_set_client = @saved_cs_client */;

--
-- Dumping data for table `image`
--

LOCK TABLES `image` WRITE;
/*!40000 ALTER TABLE `image` DISABLE KEYS */;
/*!40000 ALTER TABLE `image` ENABLE KEYS */;
UNLOCK TABLES;

--
-- Table structure for table `images`
--

DROP TABLE IF EXISTS `images`;
/*!40101 SET @saved_cs_client     = @@character_set_client */;
/*!40101 SET character_set_client = utf8 */;
CREATE TABLE `images` (
  `id` bigint(20) NOT NULL AUTO_INCREMENT,
  `version` bigint(20) NOT NULL,
  `date_created` datetime DEFAULT NULL,
  `imgpath` varchar(255) DEFAULT NULL,
  `last_updated` datetime DEFAULT NULL,
  `name` varchar(255) DEFAULT NULL,
  PRIMARY KEY (`id`)
) ENGINE=InnoDB AUTO_INCREMENT=2 DEFAULT CHARSET=latin1;
/*!40101 SET character_set_client = @saved_cs_client */;

--
-- Dumping data for table `images`
--

LOCK TABLES `images` WRITE;
/*!40000 ALTER TABLE `images` DISABLE KEYS */;
INSERT INTO `images` VALUES (1,0,'2025-03-12 09:56:53','/opt/uRMS/userPhotos/birthday.png','2025-03-12 09:56:53','birthday.png');
/*!40000 ALTER TABLE `images` ENABLE KEYS */;
UNLOCK TABLES;

--
-- Table structure for table `sec_role`
--

DROP TABLE IF EXISTS `sec_role`;
/*!40101 SET @saved_cs_client     = @@character_set_client */;
/*!40101 SET character_set_client = utf8 */;
CREATE TABLE `sec_role` (
  `id` bigint(20) NOT NULL AUTO_INCREMENT,
  `version` bigint(20) NOT NULL,
  `authority` varchar(255) NOT NULL,
  PRIMARY KEY (`id`),
  UNIQUE KEY `UK_oah023x2ltqw09mdue7w0mcxb` (`authority`)
) ENGINE=InnoDB AUTO_INCREMENT=4 DEFAULT CHARSET=latin1;
/*!40101 SET character_set_client = @saved_cs_client */;

--
-- Dumping data for table `sec_role`
--

LOCK TABLES `sec_role` WRITE;
/*!40000 ALTER TABLE `sec_role` DISABLE KEYS */;
INSERT INTO `sec_role` VALUES (1,0,'ROLE_SUPERADMIN'),(2,0,'ROLE_ADMIN'),(3,0,'ROLE_USER');
/*!40000 ALTER TABLE `sec_role` ENABLE KEYS */;
UNLOCK TABLES;

--
-- Table structure for table `sec_user`
--

DROP TABLE IF EXISTS `sec_user`;
/*!40101 SET @saved_cs_client     = @@character_set_client */;
/*!40101 SET character_set_client = utf8 */;
CREATE TABLE `sec_user` (
  `id` bigint(20) NOT NULL AUTO_INCREMENT,
  `version` bigint(20) NOT NULL,
  `account_expired` bit(1) NOT NULL,
  `account_locked` bit(1) NOT NULL,
  `admin_id_id` bigint(20) DEFAULT NULL,
  `city` varchar(255) DEFAULT NULL,
  `email` varchar(255) DEFAULT NULL,
  `enabled` bit(1) NOT NULL,
  `password` varchar(255) NOT NULL,
  `password_expired` bit(1) NOT NULL,
  `phoneno` varchar(255) DEFAULT NULL,
  `profile_pic_id` bigint(20) DEFAULT NULL,
  `state` varchar(255) DEFAULT NULL,
  `user_id_id` bigint(20) DEFAULT NULL,
  `username` varchar(255) NOT NULL,
  PRIMARY KEY (`id`),
  UNIQUE KEY `UK_5ctbdrlf3eismye20vsdtk8w8` (`username`),
  KEY `FK_tlddqljigbpjwdd3nw1rcr9ge` (`admin_id_id`),
  KEY `FK_2qmct013ebecl50p8wswtj6ln` (`profile_pic_id`),
  KEY `FK_3lkrf3khpyrtt3h3dgoqx9y76` (`user_id_id`),
  CONSTRAINT `FK_2qmct013ebecl50p8wswtj6ln` FOREIGN KEY (`profile_pic_id`) REFERENCES `images` (`id`),
  CONSTRAINT `FK_3lkrf3khpyrtt3h3dgoqx9y76` FOREIGN KEY (`user_id_id`) REFERENCES `usercreation` (`id`),
  CONSTRAINT `FK_tlddqljigbpjwdd3nw1rcr9ge` FOREIGN KEY (`admin_id_id`) REFERENCES `admin` (`id`)
) ENGINE=InnoDB AUTO_INCREMENT=22 DEFAULT CHARSET=latin1;
/*!40101 SET character_set_client = @saved_cs_client */;

--
-- Dumping data for table `sec_user`
--

LOCK TABLES `sec_user` WRITE;
/*!40000 ALTER TABLE `sec_user` DISABLE KEYS */;
INSERT INTO `sec_user` VALUES (1,0,'\0','\0',NULL,NULL,NULL,'','$2a$10$XeSfwIWEdLh/D8D65eIyV.RhzU94AOrk/GyoBj0K4HtLk78N28syq','\0',NULL,NULL,NULL,NULL,'superadmin'),(2,0,'\0','\0',NULL,NULL,NULL,'','$2a$10$mVuPmI2clHeYumUCdSjjSeE2EJoZsy/ztIIYsCqxAWig4apZSGqmO','\0',NULL,NULL,NULL,NULL,'admin'),(3,0,'\0','\0',NULL,NULL,NULL,'','$2a$10$.Cf59pXFhupb3rKewv6tZeqm5R/BOyle40Atoqby26GvYFOHeCpTK','\0',NULL,NULL,NULL,NULL,'user'),(4,0,'\0','\0',1,'BIDAR',NULL,'','$2a$10$oe/2NyqVujxPDV4mJQvY6eQ1Ue6iY5fYo6dQK69hSL1lLbNrCIPfa','\0',NULL,NULL,'Karnataka',NULL,'vetbidar'),(5,12,'\0','\0',1,'Bidar',NULL,'','$2a$10$MwCQ8mnZGEpMscHoL8qkp.ypi8Z7ayFcPNGRC4netQZ3clZnRm/9C','\0',NULL,NULL,'Karnataka',1,'Veterinary College Bidar (AY:2025)'),(6,0,'\0','\0',2,'Shivamogga',NULL,'','$2a$10$qw8WKffVnNtsnP/COxs4l.Y8snNQtKMt0Y/z.dJFvNi68yKE2SxSG','\0',NULL,NULL,'Karnataka',NULL,'vetshivamogga'),(7,1,'\0','\0',2,'Shivamogga',NULL,'','$2a$10$oxcDcZ.SP4oY5jOdSTKXMuIdWWtyYSu.i044gMB4k9L7rjAjvV5Ce','\0',NULL,NULL,'Karnataka',2,'Veterinary College Shivamogga'),(8,0,'\0','\0',3,'Kokatnur, Athani, Belagavi',NULL,'','$2a$10$vGqfuleByX0BIh6TaEQVTuwoZoBhyV8fbIK14O7I27SeZh1GHh/C2','\0',NULL,NULL,'Karnataka',NULL,'vetAthani'),(9,0,'\0','\0',4,'Hassan',NULL,'','$2a$10$tqvXcaXfblbxTbSwocf1E.Du5yar23HZr9nKDJREehk7uQKfiQcQm','\0',NULL,NULL,'Karnataka',NULL,'vetHassan'),(10,1,'\0','\0',3,'Athani',NULL,'','$2a$10$ITh8mzcZs.yUz9CeiiUnKeLGJegHfZgbLAbUULRvY1eyNAvW.bf.2','\0',NULL,NULL,'Karnataka',3,'Verterinary College Athani'),(11,1,'\0','\0',4,'Hassan',NULL,'','$2a$10$AQkgP.N5ww6LS42i7rlNMODPECql/Zc4j6LYqkpdGSKz/x..xO462','\0',NULL,NULL,'Karnataka',4,'Veterinary College, Hassan'),(12,0,'\0','\0',5,'Gadag',NULL,'','$2a$10$41xsHq.O349U7iKTGY1V2emGAR9dToe.WA2nDNYrRYkRm.k02sRWO','\0',NULL,NULL,'Karnataka',NULL,'vetgadag'),(13,1,'\0','\0',5,'Gadag',NULL,'','$2a$10$q/8SsAnpfMJRXawrmlCL6etmJcEzsAltMSFbbd7hyKItFBVkE1Oeq','\0',NULL,NULL,'Karnataka',5,'Veterinary College, Gadag'),(14,1,'\0','\0',4,'bidar',NULL,'','$2a$10$CaMuRnyBb7gWP6ijoCjMNe/w1rGF7oKSm4Kxd.GYRNsxLgCIr9aq2','\0',NULL,1,'ttyy',6,'test'),(15,1,'\0','\0',2,'fsdfsf',NULL,'','$2a$10$XdHS.7NsCyCSUAwIObuAJ.DQC8cmMHbQHVGm2CKF/.mZmMqc11Tj.','\0',NULL,NULL,'sdfd',7,'gulbargatest'),(16,1,'\0','\0',2,'BIDAR',NULL,'','$2a$10$WmUkOfne4YQCWsk4yIw46Oxm02BXsHBmckLQ7kIfveFh/xOn0X42.','\0',NULL,NULL,'KAR',8,'JK TESTING'),(17,1,'\0','\0',2,'BIDAR',NULL,'','$2a$10$qH7QuK2gdfiLMlNNtU7hk.lSrFZle66n9WGFXfxgOFHoJYy7wDglC','\0',NULL,NULL,'KAR',9,'KKK'),(18,6,'\0','\0',1,'Bengaluru',NULL,'','$2a$10$KXFUXHV8nsfhJEup7zrsk.FFBcjo.DErG/GmYE7C6MwDfUhxCrh.q','\0',NULL,NULL,'Karnataka',10,'Veterinary College, Hebbal, Bengaluru'),(19,7,'\0','\0',1,'Bengaluru',NULL,'','$2a$10$AnspOj7vWNPp8Pdj4EyoFeAgTIia24raDB4K8nDxIK9Yr2iP9zUQy','\0',NULL,NULL,'Karnataka',11,'Dairy Science College, Bengaluru'),(20,1,'\0','\0',1,'Kalaburagi',NULL,'','$2a$10$9WbmjsAf6ubTyl1Sltmr4eynT94ehAPrLoKqhFB87gTdHS2r2hD2m','\0',NULL,NULL,'Karnataka',12,'Dairy Science College, Kalaburagi'),(21,2,'\0','\0',1,'Mangaluru',NULL,'','$2a$10$JYMX/zbi2rDGq4YWAR5vbuJ3sPfGV6nN1oLs2Mtu3oTB6v5CP6B4W','\0',NULL,NULL,'Karnataka',13,'College of Fisheries, Mangaluru');
/*!40000 ALTER TABLE `sec_user` ENABLE KEYS */;
UNLOCK TABLES;

--
-- Table structure for table `sec_user_sec_role`
--

DROP TABLE IF EXISTS `sec_user_sec_role`;
/*!40101 SET @saved_cs_client     = @@character_set_client */;
/*!40101 SET character_set_client = utf8 */;
CREATE TABLE `sec_user_sec_role` (
  `sec_user_id` bigint(20) NOT NULL,
  `sec_role_id` bigint(20) NOT NULL,
  PRIMARY KEY (`sec_user_id`,`sec_role_id`),
  KEY `FK_bshvqhdx8h9mb4rrbo1ahnp7q` (`sec_role_id`),
  CONSTRAINT `FK_bshvqhdx8h9mb4rrbo1ahnp7q` FOREIGN KEY (`sec_role_id`) REFERENCES `sec_role` (`id`),
  CONSTRAINT `FK_f1eew3u65ajs3e50xvacwgron` FOREIGN KEY (`sec_user_id`) REFERENCES `sec_user` (`id`)
) ENGINE=InnoDB DEFAULT CHARSET=latin1;
/*!40101 SET character_set_client = @saved_cs_client */;

--
-- Dumping data for table `sec_user_sec_role`
--

LOCK TABLES `sec_user_sec_role` WRITE;
/*!40000 ALTER TABLE `sec_user_sec_role` DISABLE KEYS */;
INSERT INTO `sec_user_sec_role` VALUES (1,1),(2,2),(3,3),(4,2),(5,3),(6,2),(7,3),(8,2),(9,2),(10,3),(11,3),(12,2),(13,3),(14,3),(15,3),(16,3),(17,3),(18,3),(19,3),(20,3),(21,3);
/*!40000 ALTER TABLE `sec_user_sec_role` ENABLE KEYS */;
UNLOCK TABLES;

--
-- Table structure for table `usercreation`
--

DROP TABLE IF EXISTS `usercreation`;
/*!40101 SET @saved_cs_client     = @@character_set_client */;
/*!40101 SET character_set_client = utf8 */;
CREATE TABLE `usercreation` (
  `id` bigint(20) NOT NULL AUTO_INCREMENT,
  `version` bigint(20) NOT NULL,
  `address_id` bigint(20) DEFAULT NULL,
  `admin_id_id` bigint(20) NOT NULL,
  `date_created` datetime DEFAULT NULL,
  `last_updated` datetime DEFAULT NULL,
  `nonteaching1` int(11) NOT NULL,
  `nonteaching2` int(11) NOT NULL,
  `nonteaching3` int(11) NOT NULL,
  `password` varchar(255) DEFAULT NULL,
  `phone_no` varchar(255) DEFAULT NULL,
  `profile_pic_id` bigint(20) DEFAULT NULL,
  `teaching1` int(11) NOT NULL,
  `teaching2` int(11) NOT NULL,
  `teaching3` int(11) NOT NULL,
  `user_id_id` bigint(20) DEFAULT NULL,
  `username` varchar(255) DEFAULT NULL,
  PRIMARY KEY (`id`),
  KEY `FK_himob4q3c7in2ggs85e9b2jnx` (`address_id`),
  KEY `FK_qm1i2yctq65xj6aubh640wv1e` (`admin_id_id`),
  KEY `FK_13bxlafo36qgwolf7vslofynw` (`profile_pic_id`),
  KEY `FK_je7p1526dv5c1ulpukgyiwit3` (`user_id_id`),
  CONSTRAINT `FK_13bxlafo36qgwolf7vslofynw` FOREIGN KEY (`profile_pic_id`) REFERENCES `images` (`id`),
  CONSTRAINT `FK_himob4q3c7in2ggs85e9b2jnx` FOREIGN KEY (`address_id`) REFERENCES `address` (`id`),
  CONSTRAINT `FK_je7p1526dv5c1ulpukgyiwit3` FOREIGN KEY (`user_id_id`) REFERENCES `sec_user` (`id`),
  CONSTRAINT `FK_qm1i2yctq65xj6aubh640wv1e` FOREIGN KEY (`admin_id_id`) REFERENCES `admin` (`id`)
) ENGINE=InnoDB AUTO_INCREMENT=14 DEFAULT CHARSET=latin1;
/*!40101 SET character_set_client = @saved_cs_client */;

--
-- Dumping data for table `usercreation`
--

LOCK TABLES `usercreation` WRITE;
/*!40000 ALTER TABLE `usercreation` DISABLE KEYS */;
INSERT INTO `usercreation` VALUES (1,72,2,1,'2025-03-10 15:46:34','2025-03-12 13:45:28',0,0,0,'Veterinary College Bidar (AY:2025)','9448569337',NULL,0,44,46,5,'Veterinary College Bidar (AY:2025)'),(2,55,4,1,'2025-03-10 16:22:43','2025-03-12 15:32:03',0,0,0,'Veterinary College Shivamogga','08182 - 200872',NULL,1,35,55,7,'Veterinary College Shivamogga'),(3,16,7,1,'2025-03-11 13:35:44','2025-03-11 14:17:09',0,0,0,'Verterinary College Athani','9448604646',NULL,0,10,26,10,'Verterinary College Athani'),(4,49,8,1,'2025-03-11 13:49:49','2025-03-12 11:05:28',0,0,0,'Veterinary College, Hassan','08172-245373',NULL,0,28,62,11,'Veterinary College, Hassan'),(5,53,10,1,'2025-03-11 15:31:19','2025-03-12 11:05:44',0,0,0,'Veterinary College, Gadag','9606038313',NULL,0,32,58,13,'Veterinary College, Gadag'),(6,3,11,1,'2025-03-12 09:56:53','2025-03-12 09:59:26',0,0,0,'test','8099987533',1,6,1,9,14,'test'),(7,1,12,2,'2025-03-12 15:14:00','2025-03-12 15:14:13',5,0,5,'gulbargatest','8778878794',NULL,45,0,45,15,'gulbargatest'),(8,3,13,2,'2025-03-12 15:16:50','2025-03-12 15:43:22',0,0,0,'JK TESTING','09874563210',NULL,80,2,88,16,'JK TESTING'),(9,3,14,2,'2025-03-12 15:42:14','2025-03-12 15:43:22',0,0,0,'KKK','09874563210',NULL,80,0,90,17,'KKK'),(10,71,15,1,'2025-03-12 15:45:56','2025-03-13 13:47:50',0,0,0,'Veterinary College, Hebbal, Bengaluru','+91-80-23411483',NULL,0,47,43,18,'Veterinary College, Hebbal, Bengaluru'),(11,35,16,1,'2025-03-12 16:06:45','2025-03-13 11:13:13',0,0,0,'Dairy Science College, Bengaluru','+91-80-23514575',NULL,15,15,75,19,'Dairy Science College, Bengaluru'),(12,10,17,1,'2025-03-12 16:48:50','2025-03-12 17:18:50',0,0,0,'Dairy Science College, Kalaburagi ','8762824545',NULL,0,5,27,20,'Dairy Science College, Kalaburagi'),(13,33,18,1,'2025-03-12 16:56:52','2025-03-12 18:06:32',0,0,0,'College of Fisheries','0824-2248936',NULL,0,19,59,21,'College of Fisheries, Mangaluru');
/*!40000 ALTER TABLE `usercreation` ENABLE KEYS */;
UNLOCK TABLES;

--
-- Table structure for table `usercreation_department`
--

DROP TABLE IF EXISTS `usercreation_department`;
/*!40101 SET @saved_cs_client     = @@character_set_client */;
/*!40101 SET character_set_client = utf8 */;
CREATE TABLE `usercreation_department` (
  `usercreation_dept_ids_id` bigint(20) DEFAULT NULL,
  `department_id` bigint(20) DEFAULT NULL,
  KEY `FK_hjptcfriwhx12b62x80y1lvtu` (`department_id`),
  KEY `FK_3vji63res1ro81s6kkewmbr5p` (`usercreation_dept_ids_id`),
  CONSTRAINT `FK_3vji63res1ro81s6kkewmbr5p` FOREIGN KEY (`usercreation_dept_ids_id`) REFERENCES `usercreation` (`id`),
  CONSTRAINT `FK_hjptcfriwhx12b62x80y1lvtu` FOREIGN KEY (`department_id`) REFERENCES `department` (`id`)
) ENGINE=InnoDB DEFAULT CHARSET=latin1;
/*!40101 SET character_set_client = @saved_cs_client */;

--
-- Dumping data for table `usercreation_department`
--

LOCK TABLES `usercreation_department` WRITE;
/*!40000 ALTER TABLE `usercreation_department` DISABLE KEYS */;
INSERT INTO `usercreation_department` VALUES (1,1),(1,2),(1,3),(2,4),(2,5),(1,6),(1,7),(1,8),(1,9),(1,10),(2,11),(2,12),(1,13),(2,14),(1,15),(2,16),(1,17),(1,18),(1,19),(1,20),(1,21),(2,22),(1,23),(2,24),(1,25),(2,26),(1,27),(1,28),(2,29),(2,30),(2,31),(2,32),(2,33),(2,34),(2,35),(2,36),(2,37),(2,38),(3,39),(3,40),(3,41),(3,42),(3,43),(3,44),(4,45),(4,46),(4,47),(4,48),(4,49),(4,50),(4,51),(4,52),(4,53),(5,54),(5,55),(5,56),(5,57),(5,58),(5,59),(5,60),(5,61),(4,62),(4,63),(5,64),(5,65),(4,66),(4,67),(4,68),(4,69),(4,70),(5,71),(5,72),(5,73),(5,74),(5,75),(5,76),(5,77),(5,78),(5,79),(4,80),(4,81),(4,82),(6,83),(7,84),(8,85),(2,86),(9,87),(10,88),(10,89),(10,90),(10,91),(10,92),(10,93),(10,94),(10,95),(10,96),(10,97),(11,98),(11,99),(11,100),(11,101),(11,102),(11,103),(11,104),(11,105),(11,106),(10,99),(10,100),(10,101),(10,102),(10,103),(10,104),(10,105),(10,106),(10,107),(12,108),(13,109),(13,110),(12,111),(13,112),(13,113),(13,114),(13,115),(13,116),(13,117),(13,118),(13,119),(13,120),(13,121),(13,122),(12,123),(12,124),(12,125),(11,126),(11,127),(11,128),(11,129),(11,130),(11,131),(11,132);
/*!40000 ALTER TABLE `usercreation_department` ENABLE KEYS */;
UNLOCK TABLES;

--
-- Dumping events for database 'db_veturmsn'
--
/*!40103 SET TIME_ZONE=@OLD_TIME_ZONE */;

/*!40101 SET SQL_MODE=@OLD_SQL_MODE */;
/*!40014 SET FOREIGN_KEY_CHECKS=@OLD_FOREIGN_KEY_CHECKS */;
/*!40014 SET UNIQUE_CHECKS=@OLD_UNIQUE_CHECKS */;
/*!40101 SET CHARACTER_SET_CLIENT=@OLD_CHARACTER_SET_CLIENT */;
/*!40101 SET CHARACTER_SET_RESULTS=@OLD_CHARACTER_SET_RESULTS */;
/*!40101 SET COLLATION_CONNECTION=@OLD_COLLATION_CONNECTION */;
/*!40111 SET SQL_NOTES=@OLD_SQL_NOTES */;

-- Dump completed on 2025-03-17 11:38:14
